data;currency;value
20240103;THB;0,1162
20240104;THB;0,1152
20240105;THB;0,1148
20240108;THB;0,1137
20240109;THB;0,1133
20240110;THB;0,1134
20240111;THB;0,1132
20240112;THB;0,1134
20240115;THB;0,1143
20240116;THB;0,1141
20240117;THB;0,1139
20240118;THB;0,1136
20240119;THB;0,1134
20240122;THB;0,112
20240123;THB;0,1124
20240124;THB;0,1125
20240125;THB;0,1125
20240126;THB;0,1134
20240129;THB;0,1134
20240130;THB;0,1139
20240131;THB;0,1131
20240201;THB;0,1129
20240202;THB;0,1125
20240205;THB;0,1124
20240206;THB;0,1135
20240207;THB;0,1134
20240208;THB;0,1125
20240209;THB;0,1117
20240212;THB;0,112
20240213;THB;0,1124
20240214;THB;0,1123
20240215;THB;0,1119
20240216;THB;0,112
20240219;THB;0,1118
20240220;THB;0,1109
20240221;THB;0,1115
20240222;THB;0,1111
20240223;THB;0,1109
20240226;THB;0,111
20240227;THB;0,1108
20240228;THB;0,1107
20240229;THB;0,111
20240301;THB;0,111
20240304;THB;0,1112
20240305;THB;0,1112
20240306;THB;0,111
20240307;THB;0,111
20240308;THB;0,1112
20240311;THB;0,1109
20240312;THB;0,1101
20240313;THB;0,1099
20240314;THB;0,11
20240315;THB;0,1101
20240318;THB;0,1099
20240319;THB;0,1105
20240320;THB;0,1103
20240321;THB;0,1094
20240322;THB;0,1098
20240325;THB;0,1094
20240326;THB;0,1094
20240327;THB;0,1095
20240328;THB;0,1099
20240329;THB;0,1097
20240402;THB;0,1092
20240403;THB;0,1086
20240404;THB;0,1077
20240405;THB;0,1079
20240408;THB;0,1077
20240409;THB;0,1076
20240410;THB;0,108
20240411;THB;0,1084
20240412;THB;0,1097
20240415;THB;0,1095
20240416;THB;0,111
20240417;THB;0,1108
20240418;THB;0,1104
20240419;THB;0,1104
20240422;THB;0,1095
20240423;THB;0,1096
20240424;THB;0,1092
20240425;THB;0,1088
20240426;THB;0,109
20240429;THB;0,1089
20240430;THB;0,1088
20240502;THB;0,1095
20240506;THB;0,1094
20240507;THB;0,1088
20240508;THB;0,1087
20240509;THB;0,1085
20240510;THB;0,1087
20240513;THB;0,1083
20240514;THB;0,1081
20240515;THB;0,1079
20240516;THB;0,1085
20240517;THB;0,1086
20240520;THB;0,1088
20240521;THB;0,1079
20240522;THB;0,108
20240523;THB;0,1079
20240524;THB;0,1073
20240527;THB;0,1071
20240528;THB;0,107
20240529;THB;0,1068
20240531;THB;0,107
20240603;THB;0,1072
20240604;THB;0,108
20240605;THB;0,108
20240606;THB;0,1082
20240607;THB;0,108
20240610;THB;0,109
20240611;THB;0,1101
20240612;THB;0,1099
20240613;THB;0,1095
20240614;THB;0,1109
20240617;THB;0,1106
20240103;USD;3,9909
20240104;USD;3,9684
20240105;USD;3,985
20240108;USD;3,9812
20240109;USD;3,9612
20240110;USD;3,9656
20240111;USD;3,968
20240112;USD;3,9746
20240115;USD;3,9963
20240116;USD;4,0358
20240117;USD;4,0434
20240118;USD;4,0437
20240119;USD;4,0289
20240122;USD;3,9972
20240123;USD;4,0133
20240124;USD;4,0131
20240125;USD;4,0189
20240126;USD;4,0393
20240129;USD;4,0326
20240130;USD;4,0301
20240131;USD;4,0135
20240201;USD;4,0047
20240202;USD;3,9641
20240205;USD;4,0244
20240206;USD;4,0484
20240207;USD;4,0362
20240208;USD;4,0292
20240209;USD;4,0096
20240212;USD;4,0189
20240213;USD;4,0136
20240214;USD;4,0593
20240215;USD;4,0495
20240216;USD;4,0325
20240219;USD;4,0269
20240220;USD;3,9994
20240221;USD;3,9966
20240222;USD;3,9804
20240223;USD;4,005
20240226;USD;3,9776
20240227;USD;3,9682
20240228;USD;3,9922
20240229;USD;3,9803
20240301;USD;3,9922
20240304;USD;3,982
20240305;USD;3,9838
20240306;USD;3,963
20240307;USD;3,9485
20240308;USD;3,9392
20240311;USD;3,9262
20240312;USD;3,9162
20240313;USD;3,9269
20240314;USD;3,9183
20240315;USD;3,9392
20240318;USD;3,9528
20240319;USD;3,9866
20240320;USD;3,9895
20240321;USD;3,9431
20240322;USD;3,9928
20240325;USD;3,9833
20240326;USD;3,9704
20240327;USD;3,9857
20240328;USD;4,0081
20240329;USD;3,9886
20240402;USD;4,0009
20240403;USD;3,9843
20240404;USD;3,9515
20240405;USD;3,9571
20240408;USD;3,9546
20240409;USD;3,9223
20240410;USD;3,9264
20240411;USD;3,9707
20240412;USD;3,9983
20240415;USD;4,0209
20240416;USD;4,0687
20240417;USD;4,0741
20240418;USD;4,0559
20240419;USD;4,0688
20240422;USD;4,054
20240423;USD;4,061
20240424;USD;4,0417
20240425;USD;4,0276
20240426;USD;4,0245
20240429;USD;4,0346
20240430;USD;4,0341
20240502;USD;4,0474
20240506;USD;4,0202
20240507;USD;4,0056
20240508;USD;4,0202
20240509;USD;4,0076
20240510;USD;3,9866
20240513;USD;3,9853
20240514;USD;3,9701
20240515;USD;3,9368
20240516;USD;3,9195
20240517;USD;3,9363
20240520;USD;3,9149
20240521;USD;3,9175
20240522;USD;3,9243
20240523;USD;3,9394
20240524;USD;3,9376
20240527;USD;3,9196
20240528;USD;3,9183
20240529;USD;3,9244
20240531;USD;3,9389
20240603;USD;3,9501
20240604;USD;3,9448
20240605;USD;3,9607
20240606;USD;3,953
20240607;USD;3,9389
20240610;USD;4,0159
20240611;USD;4,0443
20240612;USD;4,0342
20240613;USD;4,0119
20240614;USD;4,076
20240617;USD;4,0728
20240103;AUD;2,6932
20240104;AUD;2,676
20240105;AUD;2,6627
20240108;AUD;2,6668
20240109;AUD;2,6556
20240110;AUD;2,6604
20240111;AUD;2,6629
20240112;AUD;2,6629
20240115;AUD;2,6607
20240116;AUD;2,6655
20240117;AUD;2,6497
20240118;AUD;2,654
20240119;AUD;2,6587
20240122;AUD;2,6332
20240123;AUD;2,6438
20240124;AUD;2,6488
20240125;AUD;2,647
20240126;AUD;2,6622
20240129;AUD;2,6618
20240130;AUD;2,6619
20240131;AUD;2,6421
20240201;AUD;2,6143
20240202;AUD;2,6173
20240205;AUD;2,6159
20240206;AUD;2,6292
20240207;AUD;2,6353
20240208;AUD;2,623
20240209;AUD;2,6088
20240212;AUD;2,6191
20240213;AUD;2,6155
20240214;AUD;2,6291
20240215;AUD;2,6302
20240216;AUD;2,6304
20240219;AUD;2,6336
20240220;AUD;2,6212
20240221;AUD;2,6192
20240222;AUD;2,6203
20240223;AUD;2,6248
20240226;AUD;2,604
20240227;AUD;2,6004
20240228;AUD;2,5912
20240229;AUD;2,5885
20240301;AUD;2,5953
20240304;AUD;2,5975
20240305;AUD;2,5841
20240306;AUD;2,5858
20240307;AUD;2,6048
20240308;AUD;2,6175
20240311;AUD;2,5986
20240312;AUD;2,5907
20240313;AUD;2,5946
20240314;AUD;2,5956
20240315;AUD;2,5862
20240318;AUD;2,5965
20240319;AUD;2,594
20240320;AUD;2,5988
20240321;AUD;2,6061
20240322;AUD;2,6007
20240325;AUD;2,6
20240326;AUD;2,6015
20240327;AUD;2,6004
20240328;AUD;2,6005
20240329;AUD;2,5977
20240402;AUD;2,6028
20240403;AUD;2,5934
20240404;AUD;2,6068
20240405;AUD;2,6049
20240408;AUD;2,6024
20240409;AUD;2,5933
20240410;AUD;2,6017
20240411;AUD;2,5896
20240412;AUD;2,6044
20240415;AUD;2,6066
20240416;AUD;2,6099
20240417;AUD;2,6185
20240418;AUD;2,6149
20240419;AUD;2,6104
20240422;AUD;2,609
20240423;AUD;2,6171
20240424;AUD;2,6287
20240425;AUD;2,6296
20240426;AUD;2,6353
20240429;AUD;2,6456
20240430;AUD;2,6331
20240502;AUD;2,6458
20240506;AUD;2,6647
20240507;AUD;2,6437
20240508;AUD;2,6394
20240509;AUD;2,6354
20240510;AUD;2,6346
20240513;AUD;2,6335
20240514;AUD;2,6215
20240515;AUD;2,6165
20240516;AUD;2,6182
20240517;AUD;2,6193
20240520;AUD;2,6202
20240521;AUD;2,6112
20240522;AUD;2,6141
20240523;AUD;2,611
20240524;AUD;2,6033
20240527;AUD;2,6034
20240528;AUD;2,6092
20240529;AUD;2,6099
20240531;AUD;2,6148
20240603;AUD;2,6237
20240604;AUD;2,6237
20240605;AUD;2,635
20240606;AUD;2,6287
20240607;AUD;2,6256
20240610;AUD;2,6447
20240611;AUD;2,6694
20240612;AUD;2,6675
20240613;AUD;2,6692
20240614;AUD;2,6954
20240617;AUD;2,6904
20240103;HKD;0,5112
20240104;HKD;0,5083
20240105;HKD;0,5101
20240108;HKD;0,5099
20240109;HKD;0,5069
20240110;HKD;0,5071
20240111;HKD;0,5075
20240112;HKD;0,5082
20240115;HKD;0,511
20240116;HKD;0,516
20240117;HKD;0,5168
20240118;HKD;0,517
20240119;HKD;0,5153
20240122;HKD;0,5113
20240123;HKD;0,513
20240124;HKD;0,5133
20240125;HKD;0,5142
20240126;HKD;0,5168
20240129;HKD;0,5161
20240130;HKD;0,5156
20240131;HKD;0,5133
20240201;HKD;0,5121
20240202;HKD;0,507
20240205;HKD;0,5145
20240206;HKD;0,5175
20240207;HKD;0,5161
20240208;HKD;0,5152
20240209;HKD;0,5126
20240212;HKD;0,5139
20240213;HKD;0,5134
20240214;HKD;0,5192
20240215;HKD;0,5178
20240216;HKD;0,5155
20240219;HKD;0,5149
20240220;HKD;0,5113
20240221;HKD;0,511
20240222;HKD;0,5089
20240223;HKD;0,5119
20240226;HKD;0,5084
20240227;HKD;0,5072
20240228;HKD;0,5101
20240229;HKD;0,5085
20240301;HKD;0,51
20240304;HKD;0,5089
20240305;HKD;0,5092
20240306;HKD;0,5066
20240307;HKD;0,5048
20240308;HKD;0,5037
20240311;HKD;0,5022
20240312;HKD;0,5005
20240313;HKD;0,5019
20240314;HKD;0,5009
20240315;HKD;0,5036
20240318;HKD;0,5055
20240319;HKD;0,5097
20240320;HKD;0,51
20240321;HKD;0,5041
20240322;HKD;0,5106
20240325;HKD;0,5093
20240326;HKD;0,5075
20240327;HKD;0,5094
20240328;HKD;0,5123
20240329;HKD;0,5098
20240402;HKD;0,5111
20240403;HKD;0,5089
20240404;HKD;0,5048
20240405;HKD;0,5054
20240408;HKD;0,505
20240409;HKD;0,5008
20240410;HKD;0,5013
20240411;HKD;0,5068
20240412;HKD;0,5102
20240415;HKD;0,5135
20240416;HKD;0,5197
20240417;HKD;0,5203
20240418;HKD;0,5179
20240419;HKD;0,5195
20240422;HKD;0,5173
20240423;HKD;0,5182
20240424;HKD;0,516
20240425;HKD;0,5144
20240426;HKD;0,5141
20240429;HKD;0,5155
20240430;HKD;0,5159
20240502;HKD;0,5178
20240506;HKD;0,5143
20240507;HKD;0,5123
20240508;HKD;0,5142
20240509;HKD;0,5127
20240510;HKD;0,5102
20240513;HKD;0,5101
20240514;HKD;0,5082
20240515;HKD;0,5042
20240516;HKD;0,5021
20240517;HKD;0,5045
20240520;HKD;0,502
20240521;HKD;0,5021
20240522;HKD;0,5028
20240523;HKD;0,5046
20240524;HKD;0,504
20240527;HKD;0,5021
20240528;HKD;0,5017
20240529;HKD;0,5023
20240531;HKD;0,5039
20240603;HKD;0,5051
20240604;HKD;0,5048
20240605;HKD;0,5071
20240606;HKD;0,5062
20240607;HKD;0,5044
20240610;HKD;0,5139
20240611;HKD;0,5179
20240612;HKD;0,5166
20240613;HKD;0,5137
20240614;HKD;0,5219
20240617;HKD;0,5214
20240103;CAD;2,9947
20240104;CAD;2,9785
20240105;CAD;2,9797
20240108;CAD;2,9761
20240109;CAD;2,9665
20240110;CAD;2,9659
20240111;CAD;2,9678
20240112;CAD;2,9759
20240115;CAD;2,979
20240116;CAD;2,9906
20240117;CAD;2,9912
20240118;CAD;2,9968
20240119;CAD;2,992
20240122;CAD;2,9775
20240123;CAD;2,9782
20240124;CAD;2,9854
20240125;CAD;2,9756
20240126;CAD;3,0019
20240129;CAD;3,0015
20240130;CAD;3,0064
20240131;CAD;2,99
20240201;CAD;2,9784
20240202;CAD;2,9653
20240205;CAD;2,984
20240206;CAD;2,9913
20240207;CAD;2,9961
20240208;CAD;2,993
20240209;CAD;2,9792
20240212;CAD;2,9847
20240213;CAD;2,984
20240214;CAD;2,9973
20240215;CAD;2,9916
20240216;CAD;2,9913
20240219;CAD;2,9888
20240220;CAD;2,9641
20240221;CAD;2,9546
20240222;CAD;2,9591
20240223;CAD;2,9674
20240226;CAD;2,9414
20240227;CAD;2,941
20240228;CAD;2,9382
20240229;CAD;2,93
20240301;CAD;2,9398
20240304;CAD;2,9361
20240305;CAD;2,9318
20240306;CAD;2,9182
20240307;CAD;2,9234
20240308;CAD;2,9317
20240311;CAD;2,9144
20240312;CAD;2,9066
20240313;CAD;2,9108
20240314;CAD;2,9101
20240315;CAD;2,9113
20240318;CAD;2,9203
20240319;CAD;2,9363
20240320;CAD;2,9326
20240321;CAD;2,9236
20240322;CAD;2,9415
20240325;CAD;2,9303
20240326;CAD;2,9258
20240327;CAD;2,9317
20240328;CAD;2,9447
20240329;CAD;2,9439
20240402;CAD;2,9495
20240403;CAD;2,9342
20240404;CAD;2,9263
20240405;CAD;2,9176
20240408;CAD;2,9083
20240409;CAD;2,8898
20240410;CAD;2,8947
20240411;CAD;2,9014
20240412;CAD;2,9107
20240415;CAD;2,9269
20240416;CAD;2,9493
20240417;CAD;2,9511
20240418;CAD;2,9489
20240419;CAD;2,9566
20240422;CAD;2,9529
20240423;CAD;2,9626
20240424;CAD;2,9544
20240425;CAD;2,9459
20240426;CAD;2,9492
20240429;CAD;2,9542
20240430;CAD;2,9456
20240502;CAD;2,9507
20240506;CAD;2,9393
20240507;CAD;2,9284
20240508;CAD;2,9226
20240509;CAD;2,9185
20240510;CAD;2,9135
20240513;CAD;2,915
20240514;CAD;2,9027
20240515;CAD;2,8891
20240516;CAD;2,8771
20240517;CAD;2,8865
20240520;CAD;2,8764
20240521;CAD;2,8743
20240522;CAD;2,8729
20240523;CAD;2,8805
20240524;CAD;2,8695
20240527;CAD;2,8694
20240528;CAD;2,8752
20240529;CAD;2,8729
20240531;CAD;2,8839
20240603;CAD;2,8927
20240604;CAD;2,8837
20240605;CAD;2,8957
20240606;CAD;2,887
20240607;CAD;2,8789
20240610;CAD;2,9148
20240611;CAD;2,9375
20240612;CAD;2,934
20240613;CAD;2,9212
20240614;CAD;2,9628
20240617;CAD;2,9638
20240103;NZD;2,4961
20240104;NZD;2,4849
20240105;NZD;2,4778
20240108;NZD;2,4819
20240109;NZD;2,4751
20240110;NZD;2,4771
20240111;NZD;2,4787
20240112;NZD;2,4815
20240115;NZD;2,4726
20240116;NZD;2,4859
20240117;NZD;2,4739
20240118;NZD;2,4751
20240119;NZD;2,4654
20240122;NZD;2,4418
20240123;NZD;2,4442
20240124;NZD;2,462
20240125;NZD;2,4611
20240126;NZD;2,4649
20240129;NZD;2,4658
20240130;NZD;2,4718
20240131;NZD;2,4586
20240201;NZD;2,4403
20240202;NZD;2,4395
20240205;NZD;2,4401
20240206;NZD;2,4508
20240207;NZD;2,4637
20240208;NZD;2,4614
20240209;NZD;2,4628
20240212;NZD;2,4608
20240213;NZD;2,4491
20240214;NZD;2,4675
20240215;NZD;2,4644
20240216;NZD;2,4634
20240219;NZD;2,4748
20240220;NZD;2,4657
20240221;NZD;2,4713
20240222;NZD;2,4704
20240223;NZD;2,4763
20240226;NZD;2,4544
20240227;NZD;2,4471
20240228;NZD;2,4326
20240229;NZD;2,4237
20240301;NZD;2,4318
20240304;NZD;2,4312
20240305;NZD;2,4202
20240306;NZD;2,4188
20240307;NZD;2,4305
20240308;NZD;2,4365
20240311;NZD;2,4261
20240312;NZD;2,4134
20240313;NZD;2,4161
20240314;NZD;2,4168
20240315;NZD;2,4017
20240318;NZD;2,4099
20240319;NZD;2,4076
20240320;NZD;2,4045
20240321;NZD;2,3997
20240322;NZD;2,398
20240325;NZD;2,3911
20240326;NZD;2,392
20240327;NZD;2,392
20240328;NZD;2,3884
20240329;NZD;2,382
20240402;NZD;2,3828
20240403;NZD;2,3772
20240404;NZD;2,3857
20240405;NZD;2,3815
20240408;NZD;2,3776
20240409;NZD;2,3701
20240410;NZD;2,3848
20240411;NZD;2,3774
20240412;NZD;2,3887
20240415;NZD;2,3886
20240416;NZD;2,3957
20240417;NZD;2,4075
20240418;NZD;2,4052
20240419;NZD;2,3968
20240422;NZD;2,3945
20240423;NZD;2,3989
20240424;NZD;2,3995
20240425;NZD;2,4016
20240426;NZD;2,3989
20240429;NZD;2,4063
20240430;NZD;2,3975
20240502;NZD;2,4017
20240506;NZD;2,4198
20240507;NZD;2,4072
20240508;NZD;2,4051
20240509;NZD;2,4029
20240510;NZD;2,3984
20240513;NZD;2,3959
20240514;NZD;2,3916
20240515;NZD;2,387
20240516;NZD;2,3958
20240517;NZD;2,4036
20240520;NZD;2,3957
20240521;NZD;2,3909
20240522;NZD;2,3996
20240523;NZD;2,4092
20240524;NZD;2,4041
20240527;NZD;2,4048
20240528;NZD;2,4139
20240529;NZD;2,4088
20240531;NZD;2,4137
20240603;NZD;2,4258
20240604;NZD;2,4342
20240605;NZD;2,4502
20240606;NZD;2,4456
20240607;NZD;2,4391
20240610;NZD;2,4524
20240611;NZD;2,4773
20240612;NZD;2,4781
20240613;NZD;2,4791
20240614;NZD;2,5004
20240617;NZD;2,493
20240103;SGD;3,0074
20240104;SGD;2,99
20240105;SGD;2,9925
20240108;SGD;2,9922
20240109;SGD;2,9803
20240110;SGD;2,9788
20240111;SGD;2,9831
20240112;SGD;2,9863
20240115;SGD;2,9958
20240116;SGD;3,0117
20240117;SGD;3,0086
20240118;SGD;3,0093
20240119;SGD;3,0052
20240122;SGD;2,9807
20240123;SGD;2,996
20240124;SGD;2,9991
20240125;SGD;3,0003
20240126;SGD;3,0131
20240129;SGD;3,0065
20240130;SGD;3,0085
20240131;SGD;2,995
20240201;SGD;2,9872
20240202;SGD;2,9683
20240205;SGD;2,9899
20240206;SGD;3,0071
20240207;SGD;3,005
20240208;SGD;2,9959
20240209;SGD;2,9772
20240212;SGD;2,9869
20240213;SGD;2,983
20240214;SGD;3,0073
20240215;SGD;3,0059
20240216;SGD;2,9953
20240219;SGD;2,9923
20240220;SGD;2,974
20240221;SGD;2,9735
20240222;SGD;2,9684
20240223;SGD;2,9768
20240226;SGD;2,9593
20240227;SGD;2,9539
20240228;SGD;2,9637
20240229;SGD;2,9609
20240301;SGD;2,9646
20240304;SGD;2,9646
20240305;SGD;2,9639
20240306;SGD;2,9557
20240307;SGD;2,9557
20240308;SGD;2,9593
20240311;SGD;2,9526
20240312;SGD;2,9422
20240313;SGD;2,9445
20240314;SGD;2,9414
20240315;SGD;2,9458
20240318;SGD;2,9548
20240319;SGD;2,9678
20240320;SGD;2,9671
20240321;SGD;2,9449
20240322;SGD;2,9604
20240325;SGD;2,9585
20240326;SGD;2,9541
20240327;SGD;2,9574
20240328;SGD;2,967
20240329;SGD;2,9559
20240402;SGD;2,959
20240403;SGD;2,9478
20240404;SGD;2,9336
20240405;SGD;2,9356
20240408;SGD;2,9304
20240409;SGD;2,9118
20240410;SGD;2,9202
20240411;SGD;2,9335
20240412;SGD;2,9443
20240415;SGD;2,9554
20240416;SGD;2,9826
20240417;SGD;2,9915
20240418;SGD;2,9842
20240419;SGD;2,9869
20240422;SGD;2,9765
20240423;SGD;2,9802
20240424;SGD;2,9695
20240425;SGD;2,9629
20240426;SGD;2,9598
20240429;SGD;2,9649
20240430;SGD;2,9626
20240502;SGD;2,978
20240506;SGD;2,9766
20240507;SGD;2,9598
20240508;SGD;2,9643
20240509;SGD;2,9535
20240510;SGD;2,9462
20240513;SGD;2,9441
20240514;SGD;2,9319
20240515;SGD;2,9196
20240516;SGD;2,9152
20240517;SGD;2,9217
20240520;SGD;2,9092
20240521;SGD;2,9083
20240522;SGD;2,9106
20240523;SGD;2,9178
20240524;SGD;2,9151
20240527;SGD;2,9041
20240528;SGD;2,9065
20240529;SGD;2,908
20240531;SGD;2,9128
20240603;SGD;2,9235
20240604;SGD;2,9285
20240605;SGD;2,94
20240606;SGD;2,9341
20240607;SGD;2,9292
20240610;SGD;2,9669
20240611;SGD;2,9891
20240612;SGD;2,9837
20240613;SGD;2,9743
20240614;SGD;3,0115
20240617;SGD;3,011
20240103;EUR;4,3646
20240104;EUR;4,3525
20240105;EUR;4,3484
20240108;EUR;4,3548
20240109;EUR;4,3351
20240110;EUR;4,3413
20240111;EUR;4,3505
20240112;EUR;4,3574
20240115;EUR;4,3748
20240116;EUR;4,3934
20240117;EUR;4,3978
20240118;EUR;4,4016
20240119;EUR;4,3846
20240122;EUR;4,356
20240123;EUR;4,3697
20240124;EUR;4,3755
20240125;EUR;4,379
20240126;EUR;4,3802
20240129;EUR;4,3653
20240130;EUR;4,3634
20240131;EUR;4,3434
20240201;EUR;4,3247
20240202;EUR;4,3173
20240205;EUR;4,3278
20240206;EUR;4,3435
20240207;EUR;4,3466
20240208;EUR;4,3449
20240209;EUR;4,3167
20240212;EUR;4,328
20240213;EUR;4,3214
20240214;EUR;4,3435
20240215;EUR;4,3463
20240216;EUR;4,3414
20240219;EUR;4,339
20240220;EUR;4,3186
20240221;EUR;4,3163
20240222;EUR;4,3199
20240223;EUR;4,3326
20240226;EUR;4,3117
20240227;EUR;4,3067
20240228;EUR;4,3116
20240229;EUR;4,319
20240301;EUR;4,3176
20240304;EUR;4,3201
20240305;EUR;4,3228
20240306;EUR;4,3106
20240307;EUR;4,3045
20240308;EUR;4,3079
20240311;EUR;4,2933
20240312;EUR;4,2804
20240313;EUR;4,2896
20240314;EUR;4,287
20240315;EUR;4,2929
20240318;EUR;4,3086
20240319;EUR;4,3201
20240320;EUR;4,3242
20240321;EUR;4,3031
20240322;EUR;4,3186
20240325;EUR;4,3091
20240326;EUR;4,3093
20240327;EUR;4,3153
20240328;EUR;4,3191
20240329;EUR;4,3009
20240402;EUR;4,2934
20240403;EUR;4,2923
20240404;EUR;4,2921
20240405;EUR;4,2883
20240408;EUR;4,2805
20240409;EUR;4,2588
20240410;EUR;4,2641
20240411;EUR;4,2649
20240412;EUR;4,2666
20240415;EUR;4,2851
20240416;EUR;4,3197
20240417;EUR;4,3353
20240418;EUR;4,3309
20240419;EUR;4,3316
20240422;EUR;4,3203
20240423;EUR;4,3335
20240424;EUR;4,3177
20240425;EUR;4,3198
20240426;EUR;4,3225
20240429;EUR;4,319
20240430;EUR;4,3213
20240502;EUR;4,3323
20240506;EUR;4,3294
20240507;EUR;4,3116
20240508;EUR;4,3195
20240509;EUR;4,2993
20240510;EUR;4,2979
20240513;EUR;4,2977
20240514;EUR;4,2812
20240515;EUR;4,2635
20240516;EUR;4,2617
20240517;EUR;4,2685
20240520;EUR;4,2575
20240521;EUR;4,2572
20240522;EUR;4,2575
20240523;EUR;4,2699
20240524;EUR;4,2624
20240527;EUR;4,2528
20240528;EUR;4,2592
20240529;EUR;4,2529
20240531;EUR;4,2678
20240603;EUR;4,2817
20240604;EUR;4,2923
20240605;EUR;4,3081
20240606;EUR;4,2997
20240607;EUR;4,2891
20240610;EUR;4,3197
20240611;EUR;4,3456
20240612;EUR;4,3354
20240613;EUR;4,3355
20240614;EUR;4,3581
20240617;EUR;4,3608
20240103;HUF;0,011462
20240104;HUF;0,011468
20240105;HUF;0,011498
20240108;HUF;0,011528
20240109;HUF;0,011452
20240110;HUF;0,011476
20240111;HUF;0,011463
20240112;HUF;0,011486
20240115;HUF;0,011517
20240116;HUF;0,011551
20240117;HUF;0,011544
20240118;HUF;0,011531
20240119;HUF;0,011445
20240122;HUF;0,011392
20240123;HUF;0,011377
20240124;HUF;0,011362
20240125;HUF;0,011359
20240126;HUF;0,011343
20240129;HUF;0,011216
20240130;HUF;0,011202
20240131;HUF;0,01128
20240201;HUF;0,011236
20240202;HUF;0,011263
20240205;HUF;0,011251
20240206;HUF;0,011229
20240207;HUF;0,011217
20240208;HUF;0,011202
20240209;HUF;0,011107
20240212;HUF;0,011165
20240213;HUF;0,011168
20240214;HUF;0,011192
20240215;HUF;0,011169
20240216;HUF;0,01115
20240219;HUF;0,011147
20240220;HUF;0,011101
20240221;HUF;0,011125
20240222;HUF;0,011157
20240223;HUF;0,011144
20240226;HUF;0,011074
20240227;HUF;0,011071
20240228;HUF;0,011019
20240229;HUF;0,010965
20240301;HUF;0,010966
20240304;HUF;0,010961
20240305;HUF;0,010918
20240306;HUF;0,010951
20240307;HUF;0,010913
20240308;HUF;0,010916
20240311;HUF;0,010871
20240312;HUF;0,010808
20240313;HUF;0,010785
20240314;HUF;0,010877
20240315;HUF;0,01091
20240318;HUF;0,010923
20240319;HUF;0,010922
20240320;HUF;0,010942
20240321;HUF;0,010923
20240322;HUF;0,010867
20240325;HUF;0,010855
20240326;HUF;0,01087
20240327;HUF;0,010929
20240328;HUF;0,010912
20240329;HUF;0,010922
20240402;HUF;0,010865
20240403;HUF;0,010908
20240404;HUF;0,010961
20240405;HUF;0,010979
20240408;HUF;0,010974
20240409;HUF;0,010955
20240410;HUF;0,010923
20240411;HUF;0,010914
20240412;HUF;0,010891
20240415;HUF;0,010903
20240416;HUF;0,010941
20240417;HUF;0,011019
20240418;HUF;0,010999
20240419;HUF;0,010965
20240422;HUF;0,010943
20240423;HUF;0,010991
20240424;HUF;0,010971
20240425;HUF;0,010996
20240426;HUF;0,011002
20240429;HUF;0,011018
20240430;HUF;0,011048
20240502;HUF;0,011122
20240506;HUF;0,011111
20240507;HUF;0,011083
20240508;HUF;0,011085
20240509;HUF;0,011071
20240510;HUF;0,011082
20240513;HUF;0,011096
20240514;HUF;0,01107
20240515;HUF;0,011036
20240516;HUF;0,011036
20240517;HUF;0,011004
20240520;HUF;0,011018
20240521;HUF;0,011032
20240522;HUF;0,011025
20240523;HUF;0,011024
20240524;HUF;0,011056
20240527;HUF;0,011058
20240528;HUF;0,011076
20240529;HUF;0,011046
20240531;HUF;0,010962
20240603;HUF;0,010973
20240604;HUF;0,010967
20240605;HUF;0,010998
20240606;HUF;0,010972
20240607;HUF;0,011006
20240610;HUF;0,010989
20240611;HUF;0,011006
20240612;HUF;0,010991
20240613;HUF;0,010963
20240614;HUF;0,010959
20240617;HUF;0,011012
20240103;CHF;4,6873
20240104;CHF;4,6718
20240105;CHF;4,6714
20240108;CHF;4,6793
20240109;CHF;4,6616
20240110;CHF;4,6538
20240111;CHF;4,6637
20240112;CHF;4,6556
20240115;CHF;4,6797
20240116;CHF;4,69
20240117;CHF;4,6912
20240118;CHF;4,6793
20240119;CHF;4,6388
20240122;CHF;4,6073
20240123;CHF;4,6228
20240124;CHF;4,6387
20240125;CHF;4,6543
20240126;CHF;4,669
20240129;CHF;4,6785
20240130;CHF;4,6692
20240131;CHF;4,6511
20240201;CHF;4,6415
20240202;CHF;4,6291
20240205;CHF;4,624
20240206;CHF;4,6378
20240207;CHF;4,6322
20240208;CHF;4,6166
20240209;CHF;4,5779
20240212;CHF;4,5906
20240213;CHF;4,562
20240214;CHF;4,5748
20240215;CHF;4,5849
20240216;CHF;4,5769
20240219;CHF;4,57
20240220;CHF;4,5361
20240221;CHF;4,5385
20240222;CHF;4,5379
20240223;CHF;4,5427
20240226;CHF;4,5208
20240227;CHF;4,5113
20240228;CHF;4,5292
20240229;CHF;4,5332
20240301;CHF;4,5099
20240304;CHF;4,5119
20240305;CHF;4,4971
20240306;CHF;4,4806
20240307;CHF;4,4827
20240308;CHF;4,4942
20240311;CHF;4,4776
20240312;CHF;4,4697
20240313;CHF;4,4686
20240314;CHF;4,4538
20240315;CHF;4,4613
20240318;CHF;4,4711
20240319;CHF;4,4886
20240320;CHF;4,4771
20240321;CHF;4,4069
20240322;CHF;4,4337
20240325;CHF;4,4371
20240326;CHF;4,4047
20240327;CHF;4,4018
20240328;CHF;4,4228
20240329;CHF;4,425
20240402;CHF;4,4037
20240403;CHF;4,3875
20240404;CHF;4,3621
20240405;CHF;4,3796
20240408;CHF;4,3667
20240409;CHF;4,3366
20240410;CHF;4,3447
20240411;CHF;4,3451
20240412;CHF;4,3805
20240415;CHF;4,4047
20240416;CHF;4,4554
20240417;CHF;4,4777
20240418;CHF;4,4637
20240419;CHF;4,4787
20240422;CHF;4,4505
20240423;CHF;4,4535
20240424;CHF;4,4202
20240425;CHF;4,4131
20240426;CHF;4,4145
20240429;CHF;4,4259
20240430;CHF;4,4217
20240502;CHF;4,4345
20240506;CHF;4,4438
20240507;CHF;4,412
20240508;CHF;4,4253
20240509;CHF;4,4061
20240510;CHF;4,3984
20240513;CHF;4,3964
20240514;CHF;4,3737
20240515;CHF;4,3498
20240516;CHF;4,3445
20240517;CHF;4,3302
20240520;CHF;4,3072
20240521;CHF;4,3052
20240522;CHF;4,2994
20240523;CHF;4,3072
20240524;CHF;4,3039
20240527;CHF;4,2862
20240528;CHF;4,2959
20240529;CHF;4,2996
20240531;CHF;4,3471
20240603;CHF;4,3756
20240604;CHF;4,4067
20240605;CHF;4,4397
20240606;CHF;4,4311
20240607;CHF;4,4284
20240610;CHF;4,4771
20240611;CHF;4,5095
20240612;CHF;4,4994
20240613;CHF;4,4804
20240614;CHF;4,569
20240617;CHF;4,567
20240103;GBP;5,0397
20240104;GBP;5,0481
20240105;GBP;5,044
20240108;GBP;5,0543
20240109;GBP;5,0446
20240110;GBP;5,0466
20240111;GBP;5,0549
20240112;GBP;5,0688
20240115;GBP;5,0861
20240116;GBP;5,1027
20240117;GBP;5,1274
20240118;GBP;5,1253
20240119;GBP;5,1103
20240122;GBP;5,0784
20240123;GBP;5,1084
20240124;GBP;5,1223
20240125;GBP;5,1148
20240126;GBP;5,1357
20240129;GBP;5,123
20240130;GBP;5,1106
20240131;GBP;5,0848
20240201;GBP;5,0688
20240202;GBP;5,0572
20240205;GBP;5,0712
20240206;GBP;5,0777
20240207;GBP;5,099
20240208;GBP;5,0892
20240209;GBP;5,0559
20240212;GBP;5,0721
20240213;GBP;5,0786
20240214;GBP;5,0902
20240215;GBP;5,084
20240216;GBP;5,0753
20240219;GBP;5,0796
20240220;GBP;5,0407
20240221;GBP;5,0406
20240222;GBP;5,0454
20240223;GBP;5,0691
20240226;GBP;5,0435
20240227;GBP;5,0353
20240228;GBP;5,0404
20240229;GBP;5,042
20240301;GBP;5,0413
20240304;GBP;5,048
20240305;GBP;5,0535
20240306;GBP;5,0452
20240307;GBP;5,0336
20240308;GBP;5,0536
20240311;GBP;5,0423
20240312;GBP;5,0084
20240313;GBP;5,0171
20240314;GBP;5,0214
20240315;GBP;5,0233
20240318;GBP;5,0343
20240319;GBP;5,0516
20240320;GBP;5,0635
20240321;GBP;5,0367
20240322;GBP;5,0257
20240325;GBP;5,0246
20240326;GBP;5,0243
20240327;GBP;5,0327
20240328;GBP;5,0474
20240329;GBP;5,03
20240402;GBP;5,0256
20240403;GBP;5,0117
20240404;GBP;5,0042
20240405;GBP;5,0003
20240408;GBP;4,9915
20240409;GBP;4,966
20240410;GBP;4,9843
20240411;GBP;4,9835
20240412;GBP;5,0007
20240415;GBP;5,0192
20240416;GBP;5,0609
20240417;GBP;5,0812
20240418;GBP;5,0589
20240419;GBP;5,0615
20240422;GBP;5,0131
20240423;GBP;5,0238
20240424;GBP;5,022
20240425;GBP;5,0427
20240426;GBP;5,0414
20240429;GBP;5,0509
20240430;GBP;5,0598
20240502;GBP;5,067
20240506;GBP;5,0583
20240507;GBP;5,0228
20240508;GBP;5,0157
20240509;GBP;4,9986
20240510;GBP;4,9961
20240513;GBP;4,9947
20240514;GBP;4,9741
20240515;GBP;4,9651
20240516;GBP;4,9679
20240517;GBP;4,979
20240520;GBP;4,9743
20240521;GBP;4,9798
20240522;GBP;4,995
20240523;GBP;5,0113
20240524;GBP;5,0022
20240527;GBP;4,9951
20240528;GBP;5,0032
20240529;GBP;5,0055
20240531;GBP;5,0056
20240603;GBP;5,0181
20240604;GBP;5,0403
20240605;GBP;5,0606
20240606;GBP;5,0543
20240607;GBP;5,0371
20240610;GBP;5,1033
20240611;GBP;5,1464
20240612;GBP;5,1465
20240613;GBP;5,135
20240614;GBP;5,1857
20240617;GBP;5,1616
20240103;UAH;0,1047
20240104;UAH;0,1044
20240105;UAH;0,1047
20240108;UAH;0,1043
20240109;UAH;0,1034
20240110;UAH;0,1037
20240111;UAH;0,1045
20240112;UAH;0,1051
20240115;UAH;0,1056
20240116;UAH;0,1064
20240117;UAH;0,1066
20240118;UAH;0,1072
20240119;UAH;0,1074
20240122;UAH;0,1068
20240123;UAH;0,1072
20240124;UAH;0,1069
20240125;UAH;0,107
20240126;UAH;0,1069
20240129;UAH;0,1064
20240130;UAH;0,1064
20240131;UAH;0,1069
20240201;UAH;0,1064
20240202;UAH;0,1055
20240205;UAH;0,1072
20240206;UAH;0,1075
20240207;UAH;0,1073
20240208;UAH;0,1072
20240209;UAH;0,1065
20240212;UAH;0,1061
20240213;UAH;0,1053
20240214;UAH;0,1064
20240215;UAH;0,1067
20240216;UAH;0,1062
20240219;UAH;0,1052
20240220;UAH;0,104
20240221;UAH;0,1034
20240222;UAH;0,1035
20240223;UAH;0,1044
20240226;UAH;0,1036
20240227;UAH;0,1032
20240228;UAH;0,1045
20240229;UAH;0,1047
20240301;UAH;0,1046
20240304;UAH;0,104
20240305;UAH;0,1038
20240306;UAH;0,1036
20240307;UAH;0,1037
20240308;UAH;0,1034
20240311;UAH;0,1021
20240312;UAH;0,1018
20240313;UAH;0,1011
20240314;UAH;0,1013
20240315;UAH;0,1015
20240318;UAH;0,1014
20240319;UAH;0,1019
20240320;UAH;0,1019
20240321;UAH;0,1012
20240322;UAH;0,1028
20240325;UAH;0,1014
20240326;UAH;0,1009
20240327;UAH;0,1016
20240328;UAH;0,1021
20240329;UAH;0,1023
20240402;UAH;0,1015
20240403;UAH;0,1017
20240404;UAH;0,1013
20240405;UAH;0,1019
20240408;UAH;0,1014
20240409;UAH;0,1005
20240410;UAH;0,1006
20240411;UAH;0,1014
20240412;UAH;0,1015
20240415;UAH;0,1015
20240416;UAH;0,1028
20240417;UAH;0,103
20240418;UAH;0,1024
20240419;UAH;0,1022
20240422;UAH;0,1019
20240423;UAH;0,1026
20240424;UAH;0,1024
20240425;UAH;0,1014
20240426;UAH;0,1016
20240429;UAH;0,1016
20240430;UAH;0,1021
20240502;UAH;0,1024
20240506;UAH;0,1021
20240507;UAH;0,1019
20240508;UAH;0,1021
20240509;UAH;0,1014
20240510;UAH;0,1003
20240513;UAH;0,1006
20240514;UAH;0,1001
20240515;UAH;0,0994
20240516;UAH;0,0993
20240517;UAH;0,0999
20240520;UAH;0,0986
20240521;UAH;0,0985
20240522;UAH;0,0985
20240523;UAH;0,0987
20240524;UAH;0,0981
20240527;UAH;0,0972
20240528;UAH;0,097
20240529;UAH;0,0969
20240531;UAH;0,0972
20240603;UAH;0,0975
20240604;UAH;0,0979
20240605;UAH;0,0987
20240606;UAH;0,0984
20240607;UAH;0,0978
20240610;UAH;0,0993
20240611;UAH;0,0998
20240612;UAH;0,0998
20240613;UAH;0,0987
20240614;UAH;0,1004
20240617;UAH;0,1003
20240103;JPY;0,027977
20240104;JPY;0,027583
20240105;JPY;0,027443
20240108;JPY;0,027605
20240109;JPY;0,027517
20240110;JPY;0,027365
20240111;JPY;0,027263
20240112;JPY;0,027388
20240115;JPY;0,027436
20240116;JPY;0,027539
20240117;JPY;0,027371
20240118;JPY;0,027351
20240119;JPY;0,027225
20240122;JPY;0,02699
20240123;JPY;0,027171
20240124;JPY;0,027202
20240125;JPY;0,027222
20240126;JPY;0,027322
20240129;JPY;0,027294
20240130;JPY;0,027342
20240131;JPY;0,027159
20240201;JPY;0,027283
20240202;JPY;0,027024
20240205;JPY;0,0271
20240206;JPY;0,027227
20240207;JPY;0,027286
20240208;JPY;0,027086
20240209;JPY;0,02683
20240212;JPY;0,026949
20240213;JPY;0,026833
20240214;JPY;0,026945
20240215;JPY;0,026991
20240216;JPY;0,02683
20240219;JPY;0,026858
20240220;JPY;0,026614
20240221;JPY;0,026624
20240222;JPY;0,026504
20240223;JPY;0,026569
20240226;JPY;0,026405
20240227;JPY;0,026409
20240228;JPY;0,026482
20240229;JPY;0,02657
20240301;JPY;0,026502
20240304;JPY;0,026504
20240305;JPY;0,026484
20240306;JPY;0,026484
20240307;JPY;0,026682
20240308;JPY;0,026775
20240311;JPY;0,02678
20240312;JPY;0,026563
20240313;JPY;0,026536
20240314;JPY;0,026514
20240315;JPY;0,026487
20240318;JPY;0,026492
20240319;JPY;0,026455
20240320;JPY;0,026301
20240321;JPY;0,026098
20240322;JPY;0,026334
20240325;JPY;0,026309
20240326;JPY;0,026247
20240327;JPY;0,026347
20240328;JPY;0,026472
20240329;JPY;0,026366
20240402;JPY;0,026384
20240403;JPY;0,026262
20240404;JPY;0,026045
20240405;JPY;0,026133
20240408;JPY;0,026035
20240409;JPY;0,025823
20240410;JPY;0,025856
20240411;JPY;0,025911
20240412;JPY;0,02608
20240415;JPY;0,026134
20240416;JPY;0,026335
20240417;JPY;0,026359
20240418;JPY;0,026274
20240419;JPY;0,02635
20240422;JPY;0,026202
20240423;JPY;0,026226
20240424;JPY;0,026091
20240425;JPY;0,025871
20240426;JPY;0,025711
20240429;JPY;0,025886
20240430;JPY;0,025722
20240502;JPY;0,026084
20240506;JPY;0,026151
20240507;JPY;0,025943
20240508;JPY;0,025864
20240509;JPY;0,025714
20240510;JPY;0,025599
20240513;JPY;0,025567
20240514;JPY;0,025375
20240515;JPY;0,025292
20240516;JPY;0,025333
20240517;JPY;0,025254
20240520;JPY;0,025148
20240521;JPY;0,025071
20240522;JPY;0,02508
20240523;JPY;0,02513
20240524;JPY;0,025077
20240527;JPY;0,024975
20240528;JPY;0,024977
20240529;JPY;0,02498
20240531;JPY;0,025043
20240603;JPY;0,025149
20240604;JPY;0,025401
20240605;JPY;0,025352
20240606;JPY;0,025313
20240607;JPY;0,025352
20240610;JPY;0,025585
20240611;JPY;0,025723
20240612;JPY;0,025645
20240613;JPY;0,025512
20240614;JPY;0,025881
20240617;JPY;0,025835
20240103;CZK;0,177
20240104;CZK;0,1766
20240105;CZK;0,1764
20240108;CZK;0,1774
20240109;CZK;0,1763
20240110;CZK;0,1766
20240111;CZK;0,1765
20240112;CZK;0,1768
20240115;CZK;0,1772
20240116;CZK;0,1779
20240117;CZK;0,1774
20240118;CZK;0,1778
20240119;CZK;0,1767
20240122;CZK;0,1758
20240123;CZK;0,1763
20240124;CZK;0,1763
20240125;CZK;0,1765
20240126;CZK;0,1769
20240129;CZK;0,1764
20240130;CZK;0,1756
20240131;CZK;0,1753
20240201;CZK;0,1738
20240202;CZK;0,1734
20240205;CZK;0,1736
20240206;CZK;0,174
20240207;CZK;0,1742
20240208;CZK;0,1742
20240209;CZK;0,1713
20240212;CZK;0,1716
20240213;CZK;0,1712
20240214;CZK;0,1715
20240215;CZK;0,171
20240216;CZK;0,1707
20240219;CZK;0,1704
20240220;CZK;0,1696
20240221;CZK;0,1699
20240222;CZK;0,1705
20240223;CZK;0,1706
20240226;CZK;0,1701
20240227;CZK;0,1701
20240228;CZK;0,1702
20240229;CZK;0,1705
20240301;CZK;0,1704
20240304;CZK;0,1706
20240305;CZK;0,1703
20240306;CZK;0,17
20240307;CZK;0,1697
20240308;CZK;0,17
20240311;CZK;0,1698
20240312;CZK;0,1693
20240313;CZK;0,1696
20240314;CZK;0,1698
20240315;CZK;0,1705
20240318;CZK;0,1712
20240319;CZK;0,1712
20240320;CZK;0,1709
20240321;CZK;0,1706
20240322;CZK;0,1702
20240325;CZK;0,1704
20240326;CZK;0,1706
20240327;CZK;0,1706
20240328;CZK;0,1705
20240329;CZK;0,17
20240402;CZK;0,1696
20240403;CZK;0,1697
20240404;CZK;0,1697
20240405;CZK;0,1696
20240408;CZK;0,169
20240409;CZK;0,168
20240410;CZK;0,1682
20240411;CZK;0,1679
20240412;CZK;0,1682
20240415;CZK;0,1692
20240416;CZK;0,1708
20240417;CZK;0,1717
20240418;CZK;0,1714
20240419;CZK;0,1712
20240422;CZK;0,1709
20240423;CZK;0,1714
20240424;CZK;0,171
20240425;CZK;0,1714
20240426;CZK;0,1719
20240429;CZK;0,1717
20240430;CZK;0,1717
20240502;CZK;0,1724
20240506;CZK;0,1729
20240507;CZK;0,1723
20240508;CZK;0,1724
20240509;CZK;0,172
20240510;CZK;0,1723
20240513;CZK;0,1733
20240514;CZK;0,1729
20240515;CZK;0,172
20240516;CZK;0,1729
20240517;CZK;0,1725
20240520;CZK;0,1724
20240521;CZK;0,1724
20240522;CZK;0,1723
20240523;CZK;0,1727
20240524;CZK;0,1725
20240527;CZK;0,1722
20240528;CZK;0,1724
20240529;CZK;0,1722
20240531;CZK;0,1725
20240603;CZK;0,1731
20240604;CZK;0,174
20240605;CZK;0,1745
20240606;CZK;0,1745
20240607;CZK;0,1745
20240610;CZK;0,1756
20240611;CZK;0,1757
20240612;CZK;0,1757
20240613;CZK;0,1758
20240614;CZK;0,1762
20240617;CZK;0,1767
20240103;DKK;0,5852
20240104;DKK;0,5835
20240105;DKK;0,583
20240108;DKK;0,5839
20240109;DKK;0,5813
20240110;DKK;0,5822
20240111;DKK;0,5834
20240112;DKK;0,5843
20240115;DKK;0,5866
20240116;DKK;0,589
20240117;DKK;0,5896
20240118;DKK;0,5902
20240119;DKK;0,588
20240122;DKK;0,5841
20240123;DKK;0,5859
20240124;DKK;0,5867
20240125;DKK;0,5873
20240126;DKK;0,5875
20240129;DKK;0,5856
20240130;DKK;0,5854
20240131;DKK;0,5826
20240201;DKK;0,5801
20240202;DKK;0,5792
20240205;DKK;0,5805
20240206;DKK;0,5822
20240207;DKK;0,5826
20240208;DKK;0,5826
20240209;DKK;0,579
20240212;DKK;0,5805
20240213;DKK;0,5797
20240214;DKK;0,5827
20240215;DKK;0,583
20240216;DKK;0,5823
20240219;DKK;0,582
20240220;DKK;0,5793
20240221;DKK;0,579
20240222;DKK;0,5795
20240223;DKK;0,5813
20240226;DKK;0,5784
20240227;DKK;0,5777
20240228;DKK;0,5784
20240229;DKK;0,5794
20240301;DKK;0,5792
20240304;DKK;0,5796
20240305;DKK;0,5799
20240306;DKK;0,5783
20240307;DKK;0,5774
20240308;DKK;0,5779
20240311;DKK;0,5759
20240312;DKK;0,574
20240313;DKK;0,5753
20240314;DKK;0,5748
20240315;DKK;0,5757
20240318;DKK;0,5777
20240319;DKK;0,5793
20240320;DKK;0,5799
20240321;DKK;0,577
20240322;DKK;0,5791
20240325;DKK;0,5778
20240326;DKK;0,5777
20240327;DKK;0,5785
20240328;DKK;0,5792
20240329;DKK;0,5766
20240402;DKK;0,5757
20240403;DKK;0,5754
20240404;DKK;0,5754
20240405;DKK;0,5749
20240408;DKK;0,5739
20240409;DKK;0,571
20240410;DKK;0,5717
20240411;DKK;0,5717
20240412;DKK;0,5719
20240415;DKK;0,5744
20240416;DKK;0,579
20240417;DKK;0,5811
20240418;DKK;0,5805
20240419;DKK;0,5805
20240422;DKK;0,579
20240423;DKK;0,5808
20240424;DKK;0,5789
20240425;DKK;0,5792
20240426;DKK;0,5796
20240429;DKK;0,5791
20240430;DKK;0,5794
20240502;DKK;0,5808
20240506;DKK;0,5805
20240507;DKK;0,578
20240508;DKK;0,579
20240509;DKK;0,5764
20240510;DKK;0,5761
20240513;DKK;0,576
20240514;DKK;0,5738
20240515;DKK;0,5714
20240516;DKK;0,5712
20240517;DKK;0,5721
20240520;DKK;0,5706
20240521;DKK;0,5706
20240522;DKK;0,5706
20240523;DKK;0,5722
20240524;DKK;0,5713
20240527;DKK;0,57
20240528;DKK;0,5708
20240529;DKK;0,57
20240531;DKK;0,5722
20240603;DKK;0,574
20240604;DKK;0,5754
20240605;DKK;0,5776
20240606;DKK;0,5764
20240607;DKK;0,5749
20240610;DKK;0,579
20240611;DKK;0,5826
20240612;DKK;0,5812
20240613;DKK;0,5812
20240614;DKK;0,5841
20240617;DKK;0,5846
20240103;ISK;0,028962
20240104;ISK;0,02892
20240105;ISK;0,028893
20240108;ISK;0,028897
20240109;ISK;0,028766
20240110;ISK;0,028884
20240111;ISK;0,029023
20240112;ISK;0,028991
20240115;ISK;0,029224
20240116;ISK;0,029348
20240117;ISK;0,029417
20240118;ISK;0,029442
20240119;ISK;0,029526
20240122;ISK;0,029333
20240123;ISK;0,029426
20240124;ISK;0,029504
20240125;ISK;0,029568
20240126;ISK;0,029576
20240129;ISK;0,029396
20240130;ISK;0,029383
20240131;ISK;0,029288
20240201;ISK;0,029162
20240202;ISK;0,029151
20240205;ISK;0,029183
20240206;ISK;0,029328
20240207;ISK;0,02931
20240208;ISK;0,029298
20240209;ISK;0,02903
20240212;ISK;0,029184
20240213;ISK;0,029061
20240214;ISK;0,02921
20240215;ISK;0,029229
20240216;ISK;0,029117
20240219;ISK;0,02918
20240220;ISK;0,029042
20240221;ISK;0,029105
20240222;ISK;0,029012
20240223;ISK;0,029255
20240226;ISK;0,028996
20240227;ISK;0,028846
20240228;ISK;0,028879
20240229;ISK;0,028928
20240301;ISK;0,02888
20240304;ISK;0,028897
20240305;ISK;0,028915
20240306;ISK;0,028911
20240307;ISK;0,028987
20240308;ISK;0,02897
20240311;ISK;0,028833
20240312;ISK;0,028747
20240313;ISK;0,028886
20240314;ISK;0,028869
20240315;ISK;0,028908
20240318;ISK;0,028975
20240319;ISK;0,029013
20240320;ISK;0,029041
20240321;ISK;0,028977
20240322;ISK;0,029081
20240325;ISK;0,02894
20240326;ISK;0,028863
20240327;ISK;0,028826
20240328;ISK;0,028737
20240329;ISK;0,028615
20240402;ISK;0,028566
20240403;ISK;0,028558
20240404;ISK;0,028557
20240405;ISK;0,028494
20240408;ISK;0,02848
20240409;ISK;0,028335
20240410;ISK;0,028295
20240411;ISK;0,028376
20240412;ISK;0,02835
20240415;ISK;0,028435
20240416;ISK;0,028702
20240417;ISK;0,028768
20240418;ISK;0,028815
20240419;ISK;0,02882
20240422;ISK;0,028706
20240423;ISK;0,028832
20240424;ISK;0,028727
20240425;ISK;0,028779
20240426;ISK;0,028797
20240429;ISK;0,028736
20240430;ISK;0,028751
20240502;ISK;0,028901
20240506;ISK;0,028805
20240507;ISK;0,028687
20240508;ISK;0,028739
20240509;ISK;0,028605
20240510;ISK;0,028595
20240513;ISK;0,028594
20240514;ISK;0,028447
20240515;ISK;0,028329
20240516;ISK;0,028355
20240517;ISK;0,0284
20240520;ISK;0,028327
20240521;ISK;0,028325
20240522;ISK;0,028364
20240523;ISK;0,028447
20240524;ISK;0,028359
20240527;ISK;0,028371
20240528;ISK;0,028528
20240529;ISK;0,028524
20240531;ISK;0,028701
20240603;ISK;0,028717
20240604;ISK;0,028711
20240605;ISK;0,028817
20240606;ISK;0,028761
20240607;ISK;0,028651
20240610;ISK;0,028856
20240611;ISK;0,029029
20240612;ISK;0,028999
20240613;ISK;0,029039
20240614;ISK;0,02919
20240617;ISK;0,029169
20240103;NOK;0,3844
20240104;NOK;0,3858
20240105;NOK;0,3859
20240108;NOK;0,3845
20240109;NOK;0,3821
20240110;NOK;0,3838
20240111;NOK;0,3838
20240112;NOK;0,3868
20240115;NOK;0,3868
20240116;NOK;0,3865
20240117;NOK;0,3856
20240118;NOK;0,3848
20240119;NOK;0,385
20240122;NOK;0,3807
20240123;NOK;0,3822
20240124;NOK;0,3839
20240125;NOK;0,3859
20240126;NOK;0,3865
20240129;NOK;0,3866
20240130;NOK;0,3866
20240131;NOK;0,3829
20240201;NOK;0,3808
20240202;NOK;0,3796
20240205;NOK;0,3783
20240206;NOK;0,3785
20240207;NOK;0,3809
20240208;NOK;0,3799
20240209;NOK;0,3786
20240212;NOK;0,3818
20240213;NOK;0,3819
20240214;NOK;0,3815
20240215;NOK;0,3829
20240216;NOK;0,3831
20240219;NOK;0,3833
20240220;NOK;0,3816
20240221;NOK;0,38
20240222;NOK;0,3813
20240223;NOK;0,3794
20240226;NOK;0,3773
20240227;NOK;0,3774
20240228;NOK;0,3762
20240229;NOK;0,3756
20240301;NOK;0,3771
20240304;NOK;0,3785
20240305;NOK;0,377
20240306;NOK;0,3761
20240307;NOK;0,3772
20240308;NOK;0,3798
20240311;NOK;0,3763
20240312;NOK;0,3749
20240313;NOK;0,3731
20240314;NOK;0,3741
20240315;NOK;0,3726
20240318;NOK;0,3735
20240319;NOK;0,3724
20240320;NOK;0,3733
20240321;NOK;0,374
20240322;NOK;0,3709
20240325;NOK;0,371
20240326;NOK;0,3706
20240327;NOK;0,3692
20240328;NOK;0,3693
20240329;NOK;0,3675
20240402;NOK;0,3663
20240403;NOK;0,3674
20240404;NOK;0,3699
20240405;NOK;0,3691
20240408;NOK;0,3691
20240409;NOK;0,3684
20240410;NOK;0,3683
20240411;NOK;0,3676
20240412;NOK;0,3683
20240415;NOK;0,3683
20240416;NOK;0,3702
20240417;NOK;0,3715
20240418;NOK;0,3685
20240419;NOK;0,368
20240422;NOK;0,3675
20240423;NOK;0,3692
20240424;NOK;0,3694
20240425;NOK;0,368
20240426;NOK;0,3669
20240429;NOK;0,3665
20240430;NOK;0,366
20240502;NOK;0,3658
20240506;NOK;0,3708
20240507;NOK;0,3691
20240508;NOK;0,3673
20240509;NOK;0,367
20240510;NOK;0,3682
20240513;NOK;0,3674
20240514;NOK;0,3667
20240515;NOK;0,3662
20240516;NOK;0,3667
20240517;NOK;0,367
20240520;NOK;0,3669
20240521;NOK;0,3675
20240522;NOK;0,3671
20240523;NOK;0,369
20240524;NOK;0,3701
20240527;NOK;0,3714
20240528;NOK;0,3732
20240529;NOK;0,3736
20240531;NOK;0,3741
20240603;NOK;0,3764
20240604;NOK;0,3737
20240605;NOK;0,3751
20240606;NOK;0,3743
20240607;NOK;0,3728
20240610;NOK;0,3744
20240611;NOK;0,3792
20240612;NOK;0,3781
20240613;NOK;0,3782
20240614;NOK;0,3816
20240617;NOK;0,3803
20240103;SEK;0,3899
20240104;SEK;0,3885
20240105;SEK;0,388
20240108;SEK;0,3873
20240109;SEK;0,3869
20240110;SEK;0,3874
20240111;SEK;0,3884
20240112;SEK;0,3874
20240115;SEK;0,3887
20240116;SEK;0,3876
20240117;SEK;0,3869
20240118;SEK;0,3871
20240119;SEK;0,3851
20240122;SEK;0,383
20240123;SEK;0,3844
20240124;SEK;0,3852
20240125;SEK;0,3862
20240126;SEK;0,3869
20240129;SEK;0,3848
20240130;SEK;0,387
20240131;SEK;0,3854
20240201;SEK;0,3836
20240202;SEK;0,3827
20240205;SEK;0,3812
20240206;SEK;0,3816
20240207;SEK;0,385
20240208;SEK;0,3853
20240209;SEK;0,3828
20240212;SEK;0,3847
20240213;SEK;0,3845
20240214;SEK;0,3839
20240215;SEK;0,3856
20240216;SEK;0,3859
20240219;SEK;0,386
20240220;SEK;0,3851
20240221;SEK;0,3847
20240222;SEK;0,3871
20240223;SEK;0,3872
20240226;SEK;0,3861
20240227;SEK;0,3856
20240228;SEK;0,3847
20240229;SEK;0,3855
20240301;SEK;0,386
20240304;SEK;0,3857
20240305;SEK;0,3835
20240306;SEK;0,3825
20240307;SEK;0,3841
20240308;SEK;0,3859
20240311;SEK;0,3836
20240312;SEK;0,3832
20240313;SEK;0,3829
20240314;SEK;0,3826
20240315;SEK;0,3811
20240318;SEK;0,3808
20240319;SEK;0,3798
20240320;SEK;0,3804
20240321;SEK;0,3794
20240322;SEK;0,3782
20240325;SEK;0,3763
20240326;SEK;0,3765
20240327;SEK;0,376
20240328;SEK;0,3741
20240329;SEK;0,3725
20240402;SEK;0,371
20240403;SEK;0,3714
20240404;SEK;0,3726
20240405;SEK;0,3715
20240408;SEK;0,3725
20240409;SEK;0,372
20240410;SEK;0,3726
20240411;SEK;0,3702
20240412;SEK;0,3702
20240415;SEK;0,3702
20240416;SEK;0,3716
20240417;SEK;0,3728
20240418;SEK;0,3727
20240419;SEK;0,3706
20240422;SEK;0,3714
20240423;SEK;0,3732
20240424;SEK;0,372
20240425;SEK;0,3715
20240426;SEK;0,3703
20240429;SEK;0,3693
20240430;SEK;0,3672
20240502;SEK;0,3702
20240506;SEK;0,371
20240507;SEK;0,3695
20240508;SEK;0,3681
20240509;SEK;0,3665
20240510;SEK;0,3679
20240513;SEK;0,3672
20240514;SEK;0,3655
20240515;SEK;0,3651
20240516;SEK;0,3669
20240517;SEK;0,3662
20240520;SEK;0,3664
20240521;SEK;0,3675
20240522;SEK;0,3661
20240523;SEK;0,3679
20240524;SEK;0,3671
20240527;SEK;0,368
20240528;SEK;0,3708
20240529;SEK;0,3701
20240531;SEK;0,3728
20240603;SEK;0,3758
20240604;SEK;0,3774
20240605;SEK;0,38
20240606;SEK;0,381
20240607;SEK;0,3799
20240610;SEK;0,3801
20240611;SEK;0,3852
20240612;SEK;0,3854
20240613;SEK;0,3868
20240614;SEK;0,3871
20240617;SEK;0,3865
20240103;RON;0,8776
20240104;RON;0,8752
20240105;RON;0,8742
20240108;RON;0,8759
20240109;RON;0,872
20240110;RON;0,8732
20240111;RON;0,875
20240112;RON;0,8761
20240115;RON;0,8796
20240116;RON;0,8829
20240117;RON;0,884
20240118;RON;0,8845
20240119;RON;0,8809
20240122;RON;0,8753
20240123;RON;0,878
20240124;RON;0,8792
20240125;RON;0,8797
20240126;RON;0,8802
20240129;RON;0,877
20240130;RON;0,8767
20240131;RON;0,8726
20240201;RON;0,8692
20240202;RON;0,8682
20240205;RON;0,8702
20240206;RON;0,873
20240207;RON;0,8734
20240208;RON;0,8732
20240209;RON;0,8672
20240212;RON;0,8698
20240213;RON;0,8684
20240214;RON;0,8728
20240215;RON;0,8733
20240216;RON;0,8722
20240219;RON;0,8718
20240220;RON;0,8677
20240221;RON;0,8674
20240222;RON;0,8679
20240223;RON;0,8708
20240226;RON;0,8669
20240227;RON;0,8668
20240228;RON;0,8674
20240229;RON;0,8693
20240301;RON;0,8686
20240304;RON;0,8693
20240305;RON;0,8694
20240306;RON;0,867
20240307;RON;0,866
20240308;RON;0,8667
20240311;RON;0,8643
20240312;RON;0,8619
20240313;RON;0,8635
20240314;RON;0,8623
20240315;RON;0,8636
20240318;RON;0,8667
20240319;RON;0,8686
20240320;RON;0,8694
20240321;RON;0,8651
20240322;RON;0,8685
20240325;RON;0,8668
20240326;RON;0,8669
20240327;RON;0,8681
20240328;RON;0,8685
20240329;RON;0,8655
20240402;RON;0,8637
20240403;RON;0,8636
20240404;RON;0,8636
20240405;RON;0,8632
20240408;RON;0,8617
20240409;RON;0,8571
20240410;RON;0,8582
20240411;RON;0,8581
20240412;RON;0,8581
20240415;RON;0,8616
20240416;RON;0,8682
20240417;RON;0,8714
20240418;RON;0,8703
20240419;RON;0,8704
20240422;RON;0,8684
20240423;RON;0,8708
20240424;RON;0,8677
20240425;RON;0,868
20240426;RON;0,8685
20240429;RON;0,8678
20240430;RON;0,8684
20240502;RON;0,8705
20240506;RON;0,8704
20240507;RON;0,8668
20240508;RON;0,868
20240509;RON;0,8641
20240510;RON;0,8639
20240513;RON;0,8636
20240514;RON;0,8604
20240515;RON;0,8567
20240516;RON;0,8565
20240517;RON;0,8579
20240520;RON;0,8559
20240521;RON;0,8558
20240522;RON;0,8559
20240523;RON;0,8582
20240524;RON;0,8569
20240527;RON;0,8546
20240528;RON;0,8559
20240529;RON;0,8547
20240531;RON;0,8576
20240603;RON;0,8605
20240604;RON;0,8628
20240605;RON;0,8658
20240606;RON;0,8641
20240607;RON;0,862
20240610;RON;0,8681
20240611;RON;0,8731
20240612;RON;0,8712
20240613;RON;0,8709
20240614;RON;0,8756
20240617;RON;0,8762
20240103;BGN;2,2316
20240104;BGN;2,2254
20240105;BGN;2,2233
20240108;BGN;2,2266
20240109;BGN;2,2165
20240110;BGN;2,2196
20240111;BGN;2,2244
20240112;BGN;2,2279
20240115;BGN;2,2368
20240116;BGN;2,2463
20240117;BGN;2,2485
20240118;BGN;2,2505
20240119;BGN;2,2418
20240122;BGN;2,2272
20240123;BGN;2,2342
20240124;BGN;2,2371
20240125;BGN;2,239
20240126;BGN;2,2395
20240129;BGN;2,2319
20240130;BGN;2,231
20240131;BGN;2,2207
20240201;BGN;2,2112
20240202;BGN;2,2074
20240205;BGN;2,2127
20240206;BGN;2,2208
20240207;BGN;2,2224
20240208;BGN;2,2215
20240209;BGN;2,2071
20240212;BGN;2,2128
20240213;BGN;2,2095
20240214;BGN;2,2208
20240215;BGN;2,2222
20240216;BGN;2,2198
20240219;BGN;2,2185
20240220;BGN;2,208
20240221;BGN;2,2069
20240222;BGN;2,2087
20240223;BGN;2,2152
20240226;BGN;2,2046
20240227;BGN;2,202
20240228;BGN;2,2045
20240229;BGN;2,2082
20240301;BGN;2,2075
20240304;BGN;2,2088
20240305;BGN;2,2102
20240306;BGN;2,204
20240307;BGN;2,2008
20240308;BGN;2,2026
20240311;BGN;2,1951
20240312;BGN;2,1885
20240313;BGN;2,1932
20240314;BGN;2,1919
20240315;BGN;2,1949
20240318;BGN;2,2029
20240319;BGN;2,2088
20240320;BGN;2,2109
20240321;BGN;2,2001
20240322;BGN;2,208
20240325;BGN;2,2032
20240326;BGN;2,2033
20240327;BGN;2,2064
20240328;BGN;2,2083
20240329;BGN;2,199
20240402;BGN;2,1952
20240403;BGN;2,1946
20240404;BGN;2,1945
20240405;BGN;2,1926
20240408;BGN;2,1886
20240409;BGN;2,1775
20240410;BGN;2,1802
20240411;BGN;2,1806
20240412;BGN;2,1815
20240415;BGN;2,1909
20240416;BGN;2,2087
20240417;BGN;2,2166
20240418;BGN;2,2143
20240419;BGN;2,2147
20240422;BGN;2,2089
20240423;BGN;2,2157
20240424;BGN;2,2076
20240425;BGN;2,2087
20240426;BGN;2,21
20240429;BGN;2,2082
20240430;BGN;2,2094
20240502;BGN;2,215
20240506;BGN;2,2136
20240507;BGN;2,2045
20240508;BGN;2,2085
20240509;BGN;2,1982
20240510;BGN;2,1975
20240513;BGN;2,1974
20240514;BGN;2,1889
20240515;BGN;2,1799
20240516;BGN;2,179
20240517;BGN;2,1824
20240520;BGN;2,1768
20240521;BGN;2,1766
20240522;BGN;2,1768
20240523;BGN;2,1831
20240524;BGN;2,1793
20240527;BGN;2,1744
20240528;BGN;2,1777
20240529;BGN;2,1745
20240531;BGN;2,1821
20240603;BGN;2,1892
20240604;BGN;2,1946
20240605;BGN;2,2027
20240606;BGN;2,1984
20240607;BGN;2,193
20240610;BGN;2,2086
20240611;BGN;2,2218
20240612;BGN;2,2166
20240613;BGN;2,2167
20240614;BGN;2,2282
20240617;BGN;2,2296
20240103;TRY;0,1342
20240104;TRY;0,1329
20240105;TRY;0,1335
20240108;TRY;0,1334
20240109;TRY;0,1325
20240110;TRY;0,1323
20240111;TRY;0,1322
20240112;TRY;0,1326
20240115;TRY;0,1329
20240116;TRY;0,1342
20240117;TRY;0,1342
20240118;TRY;0,1341
20240119;TRY;0,1333
20240122;TRY;0,1322
20240123;TRY;0,1327
20240124;TRY;0,1325
20240125;TRY;0,1327
20240126;TRY;0,1332
20240129;TRY;0,1329
20240130;TRY;0,1327
20240131;TRY;0,1322
20240201;TRY;0,1321
20240202;TRY;0,1306
20240205;TRY;0,1318
20240206;TRY;0,1326
20240207;TRY;0,1318
20240208;TRY;0,1318
20240209;TRY;0,1307
20240212;TRY;0,1311
20240213;TRY;0,1306
20240214;TRY;0,1322
20240215;TRY;0,1318
20240216;TRY;0,1308
20240219;TRY;0,1306
20240220;TRY;0,1294
20240221;TRY;0,1292
20240222;TRY;0,1285
20240223;TRY;0,1293
20240226;TRY;0,128
20240227;TRY;0,1276
20240228;TRY;0,1282
20240229;TRY;0,1275
20240301;TRY;0,1276
20240304;TRY;0,1265
20240305;TRY;0,1262
20240306;TRY;0,1247
20240307;TRY;0,1241
20240308;TRY;0,1237
20240311;TRY;0,1228
20240312;TRY;0,1224
20240313;TRY;0,1225
20240314;TRY;0,1221
20240315;TRY;0,1225
20240318;TRY;0,1225
20240319;TRY;0,1234
20240320;TRY;0,1233
20240321;TRY;0,1216
20240322;TRY;0,1251
20240325;TRY;0,1241
20240326;TRY;0,1236
20240327;TRY;0,1238
20240328;TRY;0,1233
20240329;TRY;0,1237
20240402;TRY;0,1245
20240403;TRY;0,1247
20240404;TRY;0,1239
20240405;TRY;0,1238
20240408;TRY;0,1235
20240409;TRY;0,1228
20240410;TRY;0,1217
20240411;TRY;0,1229
20240412;TRY;0,1237
20240415;TRY;0,1241
20240416;TRY;0,1255
20240417;TRY;0,1254
20240418;TRY;0,1247
20240419;TRY;0,1248
20240422;TRY;0,1247
20240423;TRY;0,1245
20240424;TRY;0,1245
20240425;TRY;0,124
20240426;TRY;0,1239
20240429;TRY;0,1248
20240430;TRY;0,1249
20240502;TRY;0,125
20240506;TRY;0,1245
20240507;TRY;0,1243
20240508;TRY;0,1246
20240509;TRY;0,1243
20240510;TRY;0,1243
20240513;TRY;0,1239
20240514;TRY;0,1232
20240515;TRY;0,1221
20240516;TRY;0,1216
20240517;TRY;0,1218
20240520;TRY;0,1217
20240521;TRY;0,1218
20240522;TRY;0,1221
20240523;TRY;0,1224
20240524;TRY;0,122
20240527;TRY;0,1219
20240528;TRY;0,1219
20240529;TRY;0,1217
20240531;TRY;0,1226
20240603;TRY;0,1228
20240604;TRY;0,1224
20240605;TRY;0,1218
20240606;TRY;0,1228
20240607;TRY;0,122
20240610;TRY;0,124
20240611;TRY;0,1251
20240612;TRY;0,1246
20240613;TRY;0,1244
20240614;TRY;0,1257
20240617;TRY;0,1241
20240103;ILS;1,0974
20240104;ILS;1,0869
20240105;ILS;1,0824
20240108;ILS;1,0751
20240109;ILS;1,0694
20240110;ILS;1,0525
20240111;ILS;1,0571
20240112;ILS;1,0664
20240115;ILS;1,0688
20240116;ILS;1,069
20240117;ILS;1,0678
20240118;ILS;1,0702
20240119;ILS;1,0744
20240122;ILS;1,0596
20240123;ILS;1,0644
20240124;ILS;1,0809
20240125;ILS;1,0888
20240126;ILS;1,0885
20240129;ILS;1,0927
20240130;ILS;1,1043
20240131;ILS;1,1019
20240201;ILS;1,0948
20240202;ILS;1,0882
20240205;ILS;1,0962
20240206;ILS;1,1046
20240207;ILS;1,1076
20240208;ILS;1,0995
20240209;ILS;1,0878
20240212;ILS;1,088
20240213;ILS;1,0996
20240214;ILS;1,1084
20240215;ILS;1,1151
20240216;ILS;1,1185
20240219;ILS;1,1143
20240220;ILS;1,0946
20240221;ILS;1,0831
20240222;ILS;1,0879
20240223;ILS;1,1017
20240226;ILS;1,0929
20240227;ILS;1,0908
20240228;ILS;1,1023
20240229;ILS;1,1134
20240301;ILS;1,118
20240304;ILS;1,1167
20240305;ILS;1,1092
20240306;ILS;1,0999
20240307;ILS;1,1021
20240308;ILS;1,103
20240311;ILS;1,0912
20240312;ILS;1,0721
20240313;ILS;1,0734
20240314;ILS;1,0781
20240315;ILS;1,0785
20240318;ILS;1,0835
20240319;ILS;1,088
20240320;ILS;1,0844
20240321;ILS;1,0881
20240322;ILS;1,1036
20240325;ILS;1,0976
20240326;ILS;1,0823
20240327;ILS;1,0869
20240328;ILS;1,0875
20240329;ILS;1,0843
20240402;ILS;1,0838
20240403;ILS;1,0697
20240404;ILS;1,0676
20240405;ILS;1,059
20240408;ILS;1,0619
20240409;ILS;1,0631
20240410;ILS;1,0605
20240411;ILS;1,0544
20240412;ILS;1,0635
20240415;ILS;1,0782
20240416;ILS;1,0839
20240417;ILS;1,0848
20240418;ILS;1,0705
20240419;ILS;1,0742
20240422;ILS;1,0809
20240423;ILS;1,0764
20240424;ILS;1,0753
20240425;ILS;1,0631
20240426;ILS;1,054
20240429;ILS;1,0643
20240430;ILS;1,0782
20240502;ILS;1,0785
20240506;ILS;1,0745
20240507;ILS;1,0804
20240508;ILS;1,0851
20240509;ILS;1,075
20240510;ILS;1,0695
20240513;ILS;1,0698
20240514;ILS;1,0683
20240515;ILS;1,0684
20240516;ILS;1,0661
20240517;ILS;1,0604
20240520;ILS;1,0558
20240521;ILS;1,0677
20240522;ILS;1,0696
20240523;ILS;1,0726
20240524;ILS;1,0722
20240527;ILS;1,0657
20240528;ILS;1,0663
20240529;ILS;1,0629
20240531;ILS;1,0601
20240603;ILS;1,0744
20240604;ILS;1,0708
20240605;ILS;1,0685
20240606;ILS;1,0634
20240607;ILS;1,0568
20240610;ILS;1,0686
20240611;ILS;1,0876
20240612;ILS;1,0879
20240613;ILS;1,0835
20240614;ILS;1,0948
20240617;ILS;1,0901
20240103;CLP;0,00451
20240104;CLP;0,004505
20240105;CLP;0,004483
20240108;CLP;0,004471
20240109;CLP;0,004388
20240110;CLP;0,004319
20240111;CLP;0,00433
20240112;CLP;0,004363
20240115;CLP;0,00439
20240116;CLP;0,004429
20240117;CLP;0,004372
20240118;CLP;0,004386
20240119;CLP;0,00439
20240122;CLP;0,00439
20240123;CLP;0,00441
20240124;CLP;0,004405
20240125;CLP;0,00441
20240126;CLP;0,004438
20240129;CLP;0,004361
20240130;CLP;0,004332
20240131;CLP;0,004313
20240201;CLP;0,004307
20240202;CLP;0,004251
20240205;CLP;0,004247
20240206;CLP;0,004245
20240207;CLP;0,004259
20240208;CLP;0,004221
20240209;CLP;0,004151
20240212;CLP;0,004142
20240213;CLP;0,004136
20240214;CLP;0,004181
20240215;CLP;0,004224
20240216;CLP;0,004174
20240219;CLP;0,00415
20240220;CLP;0,004139
20240221;CLP;0,004154
20240222;CLP;0,004108
20240223;CLP;0,00409
20240226;CLP;0,004063
20240227;CLP;0,004015
20240228;CLP;0,004068
20240229;CLP;0,004075
20240301;CLP;0,004132
20240304;CLP;0,004126
20240305;CLP;0,004087
20240306;CLP;0,00404
20240307;CLP;0,004005
20240308;CLP;0,004015
20240311;CLP;0,004085
20240312;CLP;0,004049
20240313;CLP;0,004093
20240314;CLP;0,004146
20240315;CLP;0,004189
20240318;CLP;0,004196
20240319;CLP;0,004205
20240320;CLP;0,004127
20240321;CLP;0,004095
20240322;CLP;0,004104
20240325;CLP;0,004052
20240326;CLP;0,004058
20240327;CLP;0,004065
20240328;CLP;0,004091
20240329;CLP;0,004071
20240402;CLP;0,004062
20240403;CLP;0,004088
20240404;CLP;0,004139
20240405;CLP;0,004198
20240408;CLP;0,004168
20240409;CLP;0,004152
20240410;CLP;0,00417
20240411;CLP;0,004161
20240412;CLP;0,004181
20240415;CLP;0,004168
20240416;CLP;0,004156
20240417;CLP;0,004147
20240418;CLP;0,004147
20240419;CLP;0,004215
20240422;CLP;0,004244
20240423;CLP;0,004263
20240424;CLP;0,004226
20240425;CLP;0,004236
20240426;CLP;0,004238
20240429;CLP;0,00425
20240430;CLP;0,004283
20240502;CLP;0,004214
20240506;CLP;0,004282
20240507;CLP;0,004305
20240508;CLP;0,004292
20240509;CLP;0,004273
20240510;CLP;0,004305
20240513;CLP;0,004302
20240514;CLP;0,004298
20240515;CLP;0,004305
20240516;CLP;0,004331
20240517;CLP;0,004378
20240520;CLP;0,004397
20240521;CLP;0,004404
20240522;CLP;0,004417
20240523;CLP;0,004334
20240524;CLP;0,004328
20240527;CLP;0,004338
20240528;CLP;0,004347
20240529;CLP;0,004378
20240531;CLP;0,004289
20240603;CLP;0,004298
20240604;CLP;0,004366
20240605;CLP;0,004372
20240606;CLP;0,004346
20240607;CLP;0,004338
20240610;CLP;0,004366
20240611;CLP;0,004392
20240612;CLP;0,004371
20240613;CLP;0,004375
20240614;CLP;0,004441
20240617;CLP;0,004362
20240103;PHP;0,0718
20240104;PHP;0,0715
20240105;PHP;0,0717
20240108;PHP;0,0715
20240109;PHP;0,0707
20240110;PHP;0,0705
20240111;PHP;0,0707
20240112;PHP;0,0711
20240115;PHP;0,0716
20240116;PHP;0,0721
20240117;PHP;0,0723
20240118;PHP;0,0724
20240119;PHP;0,072
20240122;PHP;0,071
20240123;PHP;0,0714
20240124;PHP;0,0713
20240125;PHP;0,0711
20240126;PHP;0,0717
20240129;PHP;0,0715
20240130;PHP;0,0715
20240131;PHP;0,0713
20240201;PHP;0,0714
20240202;PHP;0,0709
20240205;PHP;0,0714
20240206;PHP;0,072
20240207;PHP;0,0721
20240208;PHP;0,0721
20240209;PHP;0,0717
20240212;PHP;0,0717
20240213;PHP;0,0717
20240214;PHP;0,0723
20240215;PHP;0,0723
20240216;PHP;0,0721
20240219;PHP;0,0718
20240220;PHP;0,0713
20240221;PHP;0,0714
20240222;PHP;0,0714
20240223;PHP;0,0716
20240226;PHP;0,0709
20240227;PHP;0,0707
20240228;PHP;0,0709
20240229;PHP;0,0708
20240301;PHP;0,0712
20240304;PHP;0,0711
20240305;PHP;0,0712
20240306;PHP;0,071
20240307;PHP;0,0708
20240308;PHP;0,0709
20240311;PHP;0,071
20240312;PHP;0,0708
20240313;PHP;0,0709
20240314;PHP;0,0708
20240315;PHP;0,0709
20240318;PHP;0,0711
20240319;PHP;0,0713
20240320;PHP;0,0709
20240321;PHP;0,0704
20240322;PHP;0,0709
20240325;PHP;0,0707
20240326;PHP;0,0706
20240327;PHP;0,0707
20240328;PHP;0,0711
20240329;PHP;0,071
20240402;PHP;0,0711
20240403;PHP;0,0707
20240404;PHP;0,07
20240405;PHP;0,07
20240408;PHP;0,0699
20240409;PHP;0,0694
20240410;PHP;0,0694
20240411;PHP;0,0703
20240412;PHP;0,0707
20240415;PHP;0,0708
20240416;PHP;0,0714
20240417;PHP;0,0712
20240418;PHP;0,0709
20240419;PHP;0,0707
20240422;PHP;0,0705
20240423;PHP;0,0706
20240424;PHP;0,0703
20240425;PHP;0,0697
20240426;PHP;0,0698
20240429;PHP;0,0699
20240430;PHP;0,0698
20240502;PHP;0,0702
20240506;PHP;0,0703
20240507;PHP;0,07
20240508;PHP;0,07
20240509;PHP;0,0698
20240510;PHP;0,0694
20240513;PHP;0,0689
20240514;PHP;0,0686
20240515;PHP;0,0685
20240516;PHP;0,0682
20240517;PHP;0,0682
20240520;PHP;0,0676
20240521;PHP;0,0672
20240522;PHP;0,0676
20240523;PHP;0,0678
20240524;PHP;0,0677
20240527;PHP;0,0674
20240528;PHP;0,0676
20240529;PHP;0,0671
20240531;PHP;0,0673
20240603;PHP;0,0673
20240604;PHP;0,0671
20240605;PHP;0,0673
20240606;PHP;0,0674
20240607;PHP;0,0673
20240610;PHP;0,0683
20240611;PHP;0,0688
20240612;PHP;0,0688
20240613;PHP;0,0685
20240614;PHP;0,0695
20240617;PHP;0,0694
20240103;MXN;0,2341
20240104;MXN;0,2336
20240105;MXN;0,234
20240108;MXN;0,2359
20240109;MXN;0,2354
20240110;MXN;0,2338
20240111;MXN;0,2335
20240112;MXN;0,2355
20240115;MXN;0,2369
20240116;MXN;0,237
20240117;MXN;0,2336
20240118;MXN;0,2357
20240119;MXN;0,235
20240122;MXN;0,2338
20240123;MXN;0,2327
20240124;MXN;0,2333
20240125;MXN;0,233
20240126;MXN;0,2355
20240129;MXN;0,2349
20240130;MXN;0,2344
20240131;MXN;0,2343
20240201;MXN;0,2324
20240202;MXN;0,2326
20240205;MXN;0,2341
20240206;MXN;0,2367
20240207;MXN;0,2371
20240208;MXN;0,2365
20240209;MXN;0,2341
20240212;MXN;0,2355
20240213;MXN;0,2349
20240214;MXN;0,2366
20240215;MXN;0,2375
20240216;MXN;0,2368
20240219;MXN;0,2362
20240220;MXN;0,2349
20240221;MXN;0,2342
20240222;MXN;0,2336
20240223;MXN;0,234
20240226;MXN;0,2325
20240227;MXN;0,2327
20240228;MXN;0,2335
20240229;MXN;0,2332
20240301;MXN;0,2342
20240304;MXN;0,2343
20240305;MXN;0,2346
20240306;MXN;0,2345
20240307;MXN;0,2344
20240308;MXN;0,2337
20240311;MXN;0,2338
20240312;MXN;0,2332
20240313;MXN;0,2342
20240314;MXN;0,235
20240315;MXN;0,236
20240318;MXN;0,2366
20240319;MXN;0,2358
20240320;MXN;0,2369
20240321;MXN;0,2363
20240322;MXN;0,2382
20240325;MXN;0,2377
20240326;MXN;0,2383
20240327;MXN;0,2397
20240328;MXN;0,2416
20240329;MXN;0,2406
20240402;MXN;0,2413
20240403;MXN;0,2404
20240404;MXN;0,2389
20240405;MXN;0,2391
20240408;MXN;0,24
20240409;MXN;0,2412
20240410;MXN;0,2406
20240411;MXN;0,2412
20240412;MXN;0,2428
20240415;MXN;0,2424
20240416;MXN;0,2414
20240417;MXN;0,2405
20240418;MXN;0,2392
20240419;MXN;0,2343
20240422;MXN;0,2375
20240423;MXN;0,2375
20240424;MXN;0,2382
20240425;MXN;0,2365
20240426;MXN;0,2334
20240429;MXN;0,2355
20240430;MXN;0,2372
20240502;MXN;0,2388
20240506;MXN;0,2373
20240507;MXN;0,2375
20240508;MXN;0,2379
20240509;MXN;0,2365
20240510;MXN;0,2377
20240513;MXN;0,238
20240514;MXN;0,2364
20240515;MXN;0,2337
20240516;MXN;0,2344
20240517;MXN;0,2362
20240520;MXN;0,2361
20240521;MXN;0,2368
20240522;MXN;0,2364
20240523;MXN;0,2366
20240524;MXN;0,2358
20240527;MXN;0,2348
20240528;MXN;0,2348
20240529;MXN;0,2343
20240531;MXN;0,2313
20240603;MXN;0,2289
20240604;MXN;0,2198
20240605;MXN;0,2246
20240606;MXN;0,2265
20240607;MXN;0,22
20240610;MXN;0,218
20240611;MXN;0,2193
20240612;MXN;0,2163
20240613;MXN;0,2138
20240614;MXN;0,2197
20240617;MXN;0,2205
20240103;ZAR;0,2132
20240104;ZAR;0,213
20240105;ZAR;0,2122
20240108;ZAR;0,2127
20240109;ZAR;0,2124
20240110;ZAR;0,2129
20240111;ZAR;0,2128
20240112;ZAR;0,2134
20240115;ZAR;0,2141
20240116;ZAR;0,2137
20240117;ZAR;0,2121
20240118;ZAR;0,2136
20240119;ZAR;0,2125
20240122;ZAR;0,2086
20240123;ZAR;0,2101
20240124;ZAR;0,213
20240125;ZAR;0,213
20240126;ZAR;0,2148
20240129;ZAR;0,2146
20240130;ZAR;0,2135
20240131;ZAR;0,2144
20240201;ZAR;0,2142
20240202;ZAR;0,2126
20240205;ZAR;0,212
20240206;ZAR;0,2135
20240207;ZAR;0,2141
20240208;ZAR;0,2129
20240209;ZAR;0,2107
20240212;ZAR;0,211
20240213;ZAR;0,2131
20240214;ZAR;0,2119
20240215;ZAR;0,2131
20240216;ZAR;0,2133
20240219;ZAR;0,2122
20240220;ZAR;0,2101
20240221;ZAR;0,2113
20240222;ZAR;0,2103
20240223;ZAR;0,2072
20240226;ZAR;0,2056
20240227;ZAR;0,207
20240228;ZAR;0,2071
20240229;ZAR;0,2072
20240301;ZAR;0,2077
20240304;ZAR;0,2094
20240305;ZAR;0,2093
20240306;ZAR;0,2098
20240307;ZAR;0,2104
20240308;ZAR;0,2111
20240311;ZAR;0,2101
20240312;ZAR;0,2106
20240313;ZAR;0,2105
20240314;ZAR;0,2108
20240315;ZAR;0,2106
20240318;ZAR;0,21
20240319;ZAR;0,2099
20240320;ZAR;0,2105
20240321;ZAR;0,2106
20240322;ZAR;0,2102
20240325;ZAR;0,2099
20240326;ZAR;0,2097
20240327;ZAR;0,2105
20240328;ZAR;0,21
20240329;ZAR;0,2108
20240402;ZAR;0,2124
20240403;ZAR;0,2116
20240404;ZAR;0,2124
20240405;ZAR;0,2124
20240408;ZAR;0,2124
20240409;ZAR;0,2119
20240410;ZAR;0,2118
20240411;ZAR;0,211
20240412;ZAR;0,2131
20240415;ZAR;0,2125
20240416;ZAR;0,2133
20240417;ZAR;0,2149
20240418;ZAR;0,213
20240419;ZAR;0,2117
20240422;ZAR;0,2122
20240423;ZAR;0,2112
20240424;ZAR;0,211
20240425;ZAR;0,2115
20240426;ZAR;0,2121
20240429;ZAR;0,2149
20240430;ZAR;0,2156
20240502;ZAR;0,2175
20240506;ZAR;0,2177
20240507;ZAR;0,2167
20240508;ZAR;0,2161
20240509;ZAR;0,2159
20240510;ZAR;0,2163
20240513;ZAR;0,2166
20240514;ZAR;0,2153
20240515;ZAR;0,2145
20240516;ZAR;0,215
20240517;ZAR;0,216
20240520;ZAR;0,2157
20240521;ZAR;0,2155
20240522;ZAR;0,2158
20240523;ZAR;0,214
20240524;ZAR;0,2141
20240527;ZAR;0,2127
20240528;ZAR;0,2131
20240529;ZAR;0,2151
20240531;ZAR;0,2093
20240603;ZAR;0,2115
20240604;ZAR;0,2106
20240605;ZAR;0,211
20240606;ZAR;0,2091
20240607;ZAR;0,2092
20240610;ZAR;0,2137
20240611;ZAR;0,2165
20240612;ZAR;0,2172
20240613;ZAR;0,2184
20240614;ZAR;0,2221
20240617;ZAR;0,2226
20240103;BRL;0,8105
20240104;BRL;0,8065
20240105;BRL;0,8136
20240108;BRL;0,8167
20240109;BRL;0,8133
20240110;BRL;0,8081
20240111;BRL;0,8109
20240112;BRL;0,8162
20240115;BRL;0,8229
20240116;BRL;0,8299
20240117;BRL;0,8208
20240118;BRL;0,8193
20240119;BRL;0,8172
20240122;BRL;0,8106
20240123;BRL;0,8043
20240124;BRL;0,8101
20240125;BRL;0,8145
20240126;BRL;0,8215
20240129;BRL;0,8201
20240130;BRL;0,8138
20240131;BRL;0,8108
20240201;BRL;0,8086
20240202;BRL;0,8062
20240205;BRL;0,8097
20240206;BRL;0,812
20240207;BRL;0,8131
20240208;BRL;0,8105
20240209;BRL;0,8031
20240212;BRL;0,8113
20240213;BRL;0,8102
20240214;BRL;0,8195
20240215;BRL;0,8141
20240216;BRL;0,8108
20240219;BRL;0,8105
20240220;BRL;0,8068
20240221;BRL;0,811
20240222;BRL;0,806
20240223;BRL;0,8067
20240226;BRL;0,7964
20240227;BRL;0,7968
20240228;BRL;0,8092
20240229;BRL;0,8012
20240301;BRL;0,8031
20240304;BRL;0,8037
20240305;BRL;0,8054
20240306;BRL;0,7992
20240307;BRL;0,7985
20240308;BRL;0,7981
20240311;BRL;0,7878
20240312;BRL;0,7865
20240313;BRL;0,7901
20240314;BRL;0,7882
20240315;BRL;0,7887
20240318;BRL;0,7912
20240319;BRL;0,7924
20240320;BRL;0,793
20240321;BRL;0,7939
20240322;BRL;0,8024
20240325;BRL;0,7963
20240326;BRL;0,7978
20240327;BRL;0,8008
20240328;BRL;0,8028
20240329;BRL;0,7953
20240402;BRL;0,7915
20240403;BRL;0,7864
20240404;BRL;0,7839
20240405;BRL;0,7822
20240408;BRL;0,7806
20240409;BRL;0,7805
20240410;BRL;0,7838
20240411;BRL;0,7838
20240412;BRL;0,7852
20240415;BRL;0,7861
20240416;BRL;0,7847
20240417;BRL;0,7706
20240418;BRL;0,775
20240419;BRL;0,7762
20240422;BRL;0,7785
20240423;BRL;0,7861
20240424;BRL;0,7875
20240425;BRL;0,7825
20240426;BRL;0,78
20240429;BRL;0,7885
20240430;BRL;0,7882
20240502;BRL;0,7792
20240506;BRL;0,7926
20240507;BRL;0,7891
20240508;BRL;0,7922
20240509;BRL;0,7872
20240510;BRL;0,7752
20240513;BRL;0,7725
20240514;BRL;0,7698
20240515;BRL;0,7675
20240516;BRL;0,7631
20240517;BRL;0,7675
20240520;BRL;0,7671
20240521;BRL;0,7675
20240522;BRL;0,766
20240523;BRL;0,7644
20240524;BRL;0,7654
20240527;BRL;0,758
20240528;BRL;0,7574
20240529;BRL;0,7604
20240531;BRL;0,7569
20240603;BRL;0,753
20240604;BRL;0,7512
20240605;BRL;0,7487
20240606;BRL;0,7456
20240607;BRL;0,749
20240610;BRL;0,7501
20240611;BRL;0,7553
20240612;BRL;0,7518
20240613;BRL;0,7426
20240614;BRL;0,76
20240617;BRL;0,7576
20240103;MYR;0,8618
20240104;MYR;0,8563
20240105;MYR;0,8562
20240108;MYR;0,856
20240109;MYR;0,8531
20240110;MYR;0,8544
20240111;MYR;0,8541
20240112;MYR;0,8552
20240115;MYR;0,8558
20240116;MYR;0,8602
20240117;MYR;0,8571
20240118;MYR;0,8571
20240119;MYR;0,854
20240122;MYR;0,8458
20240123;MYR;0,849
20240124;MYR;0,8482
20240125;MYR;0,8494
20240126;MYR;0,8544
20240129;MYR;0,8518
20240130;MYR;0,8525
20240131;MYR;0,8485
20240201;MYR;0,8467
20240202;MYR;0,8404
20240205;MYR;0,8472
20240206;MYR;0,8495
20240207;MYR;0,8478
20240208;MYR;0,8448
20240209;MYR;0,8415
20240212;MYR;0,8434
20240213;MYR;0,8421
20240214;MYR;0,8482
20240215;MYR;0,8471
20240216;MYR;0,8435
20240219;MYR;0,8412
20240220;MYR;0,8337
20240221;MYR;0,8337
20240222;MYR;0,8333
20240223;MYR;0,8383
20240226;MYR;0,8327
20240227;MYR;0,8333
20240228;MYR;0,8371
20240229;MYR;0,8387
20240301;MYR;0,8413
20240304;MYR;0,843
20240305;MYR;0,8413
20240306;MYR;0,8375
20240307;MYR;0,8391
20240308;MYR;0,8408
20240311;MYR;0,8383
20240312;MYR;0,8372
20240313;MYR;0,8377
20240314;MYR;0,8362
20240315;MYR;0,8373
20240318;MYR;0,8377
20240319;MYR;0,8423
20240320;MYR;0,842
20240321;MYR;0,8363
20240322;MYR;0,8428
20240325;MYR;0,843
20240326;MYR;0,8412
20240327;MYR;0,8421
20240328;MYR;0,8468
20240329;MYR;0,8442
20240402;MYR;0,8419
20240403;MYR;0,8382
20240404;MYR;0,8337
20240405;MYR;0,8336
20240408;MYR;0,8315
20240409;MYR;0,8251
20240410;MYR;0,827
20240411;MYR;0,8364
20240412;MYR;0,8382
20240415;MYR;0,8414
20240416;MYR;0,849
20240417;MYR;0,8503
20240418;MYR;0,8479
20240419;MYR;0,8507
20240422;MYR;0,8477
20240423;MYR;0,8501
20240424;MYR;0,8459
20240425;MYR;0,8426
20240426;MYR;0,8441
20240429;MYR;0,8459
20240430;MYR;0,8457
20240502;MYR;0,8514
20240506;MYR;0,8482
20240507;MYR;0,8455
20240508;MYR;0,847
20240509;MYR;0,8456
20240510;MYR;0,8412
20240513;MYR;0,842
20240514;MYR;0,8412
20240515;MYR;0,837
20240516;MYR;0,8367
20240517;MYR;0,8397
20240520;MYR;0,8356
20240521;MYR;0,8347
20240522;MYR;0,8363
20240523;MYR;0,836
20240524;MYR;0,8354
20240527;MYR;0,8342
20240528;MYR;0,8343
20240529;MYR;0,8336
20240531;MYR;0,8367
20240603;MYR;0,8392
20240604;MYR;0,8393
20240605;MYR;0,8434
20240606;MYR;0,8421
20240607;MYR;0,8394
20240610;MYR;0,8504
20240611;MYR;0,8567
20240612;MYR;0,8552
20240613;MYR;0,8522
20240614;MYR;0,8645
20240617;MYR;0,863
20240103;IDR;0,000258
20240104;IDR;0,000256
20240105;IDR;0,000257
20240108;IDR;0,000256
20240109;IDR;0,000255
20240110;IDR;0,000255
20240111;IDR;0,000255
20240112;IDR;0,000256
20240115;IDR;0,000257
20240116;IDR;0,000259
20240117;IDR;0,000259
20240118;IDR;0,000259
20240119;IDR;0,000258
20240122;IDR;0,000256
20240123;IDR;0,000257
20240124;IDR;0,000255
20240125;IDR;0,000254
20240126;IDR;0,000255
20240129;IDR;0,000255
20240130;IDR;0,000255
20240131;IDR;0,000254
20240201;IDR;0,000254
20240202;IDR;0,000253
20240205;IDR;0,000256
20240206;IDR;0,000257
20240207;IDR;0,000258
20240208;IDR;0,000258
20240209;IDR;0,000256
20240212;IDR;0,000258
20240213;IDR;0,000257
20240214;IDR;0,00026
20240215;IDR;0,000259
20240216;IDR;0,000258
20240219;IDR;0,000258
20240220;IDR;0,000255
20240221;IDR;0,000256
20240222;IDR;0,000255
20240223;IDR;0,000257
20240226;IDR;0,000254
20240227;IDR;0,000254
20240228;IDR;0,000255
20240229;IDR;0,000253
20240301;IDR;0,000254
20240304;IDR;0,000253
20240305;IDR;0,000253
20240306;IDR;0,000252
20240307;IDR;0,000252
20240308;IDR;0,000253
20240311;IDR;0,000252
20240312;IDR;0,000251
20240313;IDR;0,000252
20240314;IDR;0,000251
20240315;IDR;0,000253
20240318;IDR;0,000252
20240319;IDR;0,000254
20240320;IDR;0,000254
20240321;IDR;0,000252
20240322;IDR;0,000253
20240325;IDR;0,000252
20240326;IDR;0,000251
20240327;IDR;0,000251
20240328;IDR;0,000253
20240329;IDR;0,000252
20240402;IDR;0,000252
20240403;IDR;0,00025
20240404;IDR;0,000249
20240405;IDR;0,00025
20240408;IDR;0,00025
20240409;IDR;0,000248
20240410;IDR;0,000248
20240411;IDR;0,000251
20240412;IDR;0,000252
20240415;IDR;0,000254
20240416;IDR;0,000252
20240417;IDR;0,000251
20240418;IDR;0,000251
20240419;IDR;0,00025
20240422;IDR;0,00025
20240423;IDR;0,00025
20240424;IDR;0,00025
20240425;IDR;0,000249
20240426;IDR;0,000248
20240429;IDR;0,000248
20240430;IDR;0,000248
20240502;IDR;0,00025
20240506;IDR;0,000251
20240507;IDR;0,00025
20240508;IDR;0,000251
20240509;IDR;0,00025
20240510;IDR;0,000248
20240513;IDR;0,000248
20240514;IDR;0,000247
20240515;IDR;0,000246
20240516;IDR;0,000246
20240517;IDR;0,000247
20240520;IDR;0,000245
20240521;IDR;0,000245
20240522;IDR;0,000245
20240523;IDR;0,000246
20240524;IDR;0,000246
20240527;IDR;0,000244
20240528;IDR;0,000244
20240529;IDR;0,000243
20240531;IDR;0,000242
20240603;IDR;0,000243
20240604;IDR;0,000243
20240605;IDR;0,000243
20240606;IDR;0,000243
20240607;IDR;0,000243
20240610;IDR;0,000247
20240611;IDR;0,000248
20240612;IDR;0,000248
20240613;IDR;0,000247
20240614;IDR;0,000249
20240617;IDR;0,000248
20240103;INR;0,047914
20240104;INR;0,047676
20240105;INR;0,047907
20240108;INR;0,047886
20240109;INR;0,047662
20240110;INR;0,047756
20240111;INR;0,047771
20240112;INR;0,047936
20240115;INR;0,048221
20240116;INR;0,048577
20240117;INR;0,048637
20240118;INR;0,048644
20240119;INR;0,048503
20240122;INR;0,048073
20240123;INR;0,048259
20240124;INR;0,048274
20240125;INR;0,048353
20240126;INR;0,048581
20240129;INR;0,048498
20240130;INR;0,048482
20240131;INR;0,048322
20240201;INR;0,048267
20240202;INR;0,047807
20240205;INR;0,048447
20240206;INR;0,048737
20240207;INR;0,048644
20240208;INR;0,048567
20240209;INR;0,048278
20240212;INR;0,048414
20240213;INR;0,048344
20240214;INR;0,048893
20240215;INR;0,048758
20240216;INR;0,048572
20240219;INR;0,048512
20240220;INR;0,048206
20240221;INR;0,048174
20240222;INR;0,048046
20240223;INR;0,048287
20240226;INR;0,047984
20240227;INR;0,047891
20240228;INR;0,048135
20240229;INR;0,048003
20240301;INR;0,048148
20240304;INR;0,048045
20240305;INR;0,048059
20240306;INR;0,04784
20240307;INR;0,047686
20240308;INR;0,047633
20240311;INR;0,047435
20240312;INR;0,047309
20240313;INR;0,047394
20240314;INR;0,047311
20240315;INR;0,047528
20240318;INR;0,047676
20240319;INR;0,048008
20240320;INR;0,047969
20240321;INR;0,04742
20240322;INR;0,047861
20240325;INR;0,047733
20240326;INR;0,047669
20240327;INR;0,047805
20240328;INR;0,048059
20240329;INR;0,047737
20240402;INR;0,047987
20240403;INR;0,04776
20240404;INR;0,047352
20240405;INR;0,047515
20240408;INR;0,047478
20240409;INR;0,047132
20240410;INR;0,047189
20240411;INR;0,047621
20240412;INR;0,047944
20240415;INR;0,048198
20240416;INR;0,048715
20240417;INR;0,048734
20240418;INR;0,048555
20240419;INR;0,048716
20240422;INR;0,048633
20240423;INR;0,048721
20240424;INR;0,048505
20240425;INR;0,048324
20240426;INR;0,0483
20240429;INR;0,048334
20240430;INR;0,048325
20240502;INR;0,048498
20240506;INR;0,048165
20240507;INR;0,047974
20240508;INR;0,048139
20240509;INR;0,04799
20240510;INR;0,047748
20240513;INR;0,047717
20240514;INR;0,047539
20240515;INR;0,047158
20240516;INR;0,046941
20240517;INR;0,047209
20240520;INR;0,046994
20240521;INR;0,047017
20240522;INR;0,047133
20240523;INR;0,047315
20240524;INR;0,047388
20240527;INR;0,047177
20240528;INR;0,047113
20240529;INR;0,047094
20240531;INR;0,047224
20240603;INR;0,047509
20240604;INR;0,047234
20240605;INR;0,047557
20240606;INR;0,047354
20240607;INR;0,047223
20240610;INR;0,048068
20240611;INR;0,048398
20240612;INR;0,048278
20240613;INR;0,048023
20240614;INR;0,048782
20240617;INR;0,048752
20240103;KRW;0,00305
20240104;KRW;0,003036
20240105;KRW;0,003023
20240108;KRW;0,00302
20240109;KRW;0,003004
20240110;KRW;0,003009
20240111;KRW;0,003014
20240112;KRW;0,003029
20240115;KRW;0,003024
20240116;KRW;0,003021
20240117;KRW;0,003007
20240118;KRW;0,003022
20240119;KRW;0,003022
20240122;KRW;0,002984
20240123;KRW;0,003003
20240124;KRW;0,00301
20240125;KRW;0,00301
20240126;KRW;0,003026
20240129;KRW;0,003017
20240130;KRW;0,003031
20240131;KRW;0,003008
20240201;KRW;0,003002
20240202;KRW;0,002994
20240205;KRW;0,003016
20240206;KRW;0,003047
20240207;KRW;0,003043
20240208;KRW;0,00303
20240209;KRW;0,003013
20240212;KRW;0,003022
20240213;KRW;0,003016
20240214;KRW;0,003042
20240215;KRW;0,00304
20240216;KRW;0,003024
20240219;KRW;0,003015
20240220;KRW;0,002995
20240221;KRW;0,002992
20240222;KRW;0,003001
20240223;KRW;0,003003
20240226;KRW;0,002989
20240227;KRW;0,002981
20240228;KRW;0,002986
20240229;KRW;0,002981
20240301;KRW;0,002991
20240304;KRW;0,002989
20240305;KRW;0,002985
20240306;KRW;0,002972
20240307;KRW;0,00297
20240308;KRW;0,002991
20240311;KRW;0,003002
20240312;KRW;0,002991
20240313;KRW;0,002981
20240314;KRW;0,002976
20240315;KRW;0,002963
20240318;KRW;0,002963
20240319;KRW;0,002975
20240320;KRW;0,002975
20240321;KRW;0,002972
20240322;KRW;0,002971
20240325;KRW;0,002967
20240326;KRW;0,002961
20240327;KRW;0,00295
20240328;KRW;0,002964
20240329;KRW;0,00296
20240402;KRW;0,002963
20240403;KRW;0,002952
20240404;KRW;0,002936
20240405;KRW;0,002928
20240408;KRW;0,002917
20240409;KRW;0,002893
20240410;KRW;0,002912
20240411;KRW;0,002898
20240412;KRW;0,002899
20240415;KRW;0,002905
20240416;KRW;0,002918
20240417;KRW;0,002949
20240418;KRW;0,002952
20240419;KRW;0,002946
20240422;KRW;0,002939
20240423;KRW;0,002945
20240424;KRW;0,002943
20240425;KRW;0,002929
20240426;KRW;0,002925
20240429;KRW;0,002929
20240430;KRW;0,002921
20240502;KRW;0,00294
20240506;KRW;0,002963
20240507;KRW;0,002946
20240508;KRW;0,002947
20240509;KRW;0,002921
20240510;KRW;0,002919
20240513;KRW;0,002915
20240514;KRW;0,002901
20240515;KRW;0,002902
20240516;KRW;0,002913
20240517;KRW;0,002896
20240520;KRW;0,002882
20240521;KRW;0,002874
20240522;KRW;0,002875
20240523;KRW;0,002886
20240524;KRW;0,00288
20240527;KRW;0,002874
20240528;KRW;0,002883
20240529;KRW;0,002872
20240531;KRW;0,002847
20240603;KRW;0,002865
20240604;KRW;0,002864
20240605;KRW;0,002884
20240606;KRW;0,002892
20240607;KRW;0,002882
20240610;KRW;0,002918
20240611;KRW;0,002932
20240612;KRW;0,002935
20240613;KRW;0,00292
20240614;KRW;0,002949
20240617;KRW;0,002951
20240103;CNY;0,5585
20240104;CNY;0,5552
20240105;CNY;0,5569
20240108;CNY;0,5559
20240109;CNY;0,5533
20240110;CNY;0,553
20240111;CNY;0,554
20240112;CNY;0,5546
20240115;CNY;0,557
20240116;CNY;0,561
20240117;CNY;0,562
20240118;CNY;0,5623
20240119;CNY;0,5604
20240122;CNY;0,5555
20240123;CNY;0,5598
20240124;CNY;0,5604
20240125;CNY;0,5603
20240126;CNY;0,5629
20240129;CNY;0,5615
20240130;CNY;0,5614
20240131;CNY;0,5592
20240201;CNY;0,5576
20240202;CNY;0,5523
20240205;CNY;0,5591
20240206;CNY;0,5631
20240207;CNY;0,561
20240208;CNY;0,5599
20240209;CNY;0,5573
20240212;CNY;0,5587
20240213;CNY;0,5579
20240214;CNY;0,5643
20240215;CNY;0,5629
20240216;CNY;0,5623
20240219;CNY;0,5594
20240220;CNY;0,5557
20240221;CNY;0,556
20240222;CNY;0,5536
20240223;CNY;0,5563
20240226;CNY;0,5526
20240227;CNY;0,5512
20240228;CNY;0,5545
20240229;CNY;0,5532
20240301;CNY;0,5545
20240304;CNY;0,5531
20240305;CNY;0,5533
20240306;CNY;0,5505
20240307;CNY;0,5486
20240308;CNY;0,5479
20240311;CNY;0,5464
20240312;CNY;0,5458
20240313;CNY;0,5458
20240314;CNY;0,545
20240315;CNY;0,5474
20240318;CNY;0,5491
20240319;CNY;0,5537
20240320;CNY;0,5541
20240321;CNY;0,5477
20240322;CNY;0,5523
20240325;CNY;0,5523
20240326;CNY;0,55
20240327;CNY;0,5514
20240328;CNY;0,5543
20240329;CNY;0,5524
20240402;CNY;0,5529
20240403;CNY;0,5507
20240404;CNY;0,5466
20240405;CNY;0,5474
20240408;CNY;0,5467
20240409;CNY;0,5421
20240410;CNY;0,5428
20240411;CNY;0,5486
20240412;CNY;0,5525
20240415;CNY;0,5555
20240416;CNY;0,5621
20240417;CNY;0,5631
20240418;CNY;0,5603
20240419;CNY;0,5619
20240422;CNY;0,5596
20240423;CNY;0,5604
20240424;CNY;0,5578
20240425;CNY;0,5557
20240426;CNY;0,5554
20240429;CNY;0,5568
20240430;CNY;0,5571
20240502;CNY;0,5601
20240506;CNY;0,5574
20240507;CNY;0,5551
20240508;CNY;0,5563
20240509;CNY;0,5546
20240510;CNY;0,5519
20240513;CNY;0,5509
20240514;CNY;0,5485
20240515;CNY;0,5452
20240516;CNY;0,5429
20240517;CNY;0,5447
20240520;CNY;0,5414
20240521;CNY;0,5414
20240522;CNY;0,5421
20240523;CNY;0,5437
20240524;CNY;0,5435
20240527;CNY;0,541
20240528;CNY;0,5407
20240529;CNY;0,5413
20240531;CNY;0,5439
20240603;CNY;0,5451
20240604;CNY;0,5446
20240605;CNY;0,5466
20240606;CNY;0,5456
20240607;CNY;0,5438
20240610;CNY;0,5517
20240611;CNY;0,5575
20240612;CNY;0,5561
20240613;CNY;0,5532
20240614;CNY;0,5618
20240617;CNY;0,5612
20240103;XDR;5,3351
20240104;XDR;5,326
20240105;XDR;5,307
20240108;XDR;5,3215
20240109;XDR;5,2914
20240110;XDR;5,302
20240111;XDR;5,3102
20240112;XDR;5,3052
20240115;XDR;5,3418
20240116;XDR;5,3645
20240117;XDR;5,3817
20240118;XDR;5,3853
20240119;XDR;5,367
20240122;XDR;5,3263
20240123;XDR;5,3428
20240124;XDR;5,3574
20240125;XDR;5,3533
20240126;XDR;5,3593
20240129;XDR;5,3475
20240130;XDR;5,3587
20240131;XDR;5,3266
20240201;XDR;5,3071
20240202;XDR;5,3054
20240205;XDR;5,3002
20240206;XDR;5,3545
20240207;XDR;5,3576
20240208;XDR;5,3475
20240209;XDR;5,3161
20240212;XDR;5,3242
20240213;XDR;5,3164
20240214;XDR;5,3359
20240215;XDR;5,3611
20240216;XDR;5,3457
20240219;XDR;5,3382
20240220;XDR;5,3131
20240221;XDR;5,2974
20240222;XDR;5,3001
20240223;XDR;5,309
20240226;XDR;5,2819
20240227;XDR;5,2713
20240228;XDR;5,2764
20240229;XDR;5,3005
20240301;XDR;5,2946
20240304;XDR;5,3003
20240305;XDR;5,2945
20240306;XDR;5,2767
20240307;XDR;5,2641
20240308;XDR;5,2667
20240311;XDR;5,2419
20240312;XDR;5,2328
20240313;XDR;5,2447
20240314;XDR;5,2293
20240315;XDR;5,2441
20240318;XDR;5,2675
20240319;XDR;5,2816
20240320;XDR;5,2918
20240321;XDR;5,2664
20240322;XDR;5,2677
20240325;XDR;5,2716
20240326;XDR;5,2722
20240327;XDR;5,2749
20240328;XDR;5,2912
20240329;XDR;5,2649
20240402;XDR;5,2558
20240403;XDR;5,2764
20240404;XDR;5,265
20240405;XDR;5,243
20240408;XDR;5,2335
20240409;XDR;5,216
20240410;XDR;5,2085
20240411;XDR;5,2127
20240412;XDR;5,2493
20240415;XDR;5,2941
20240416;XDR;5,3363
20240417;XDR;5,3564
20240418;XDR;5,354
20240419;XDR;5,3415
20240422;XDR;5,3344
20240423;XDR;5,3577
20240424;XDR;5,3173
20240425;XDR;5,3213
20240426;XDR;5,3143
20240429;XDR;5,3112
20240430;XDR;5,3129
20240502;XDR;5,3272
20240506;XDR;5,3265
20240507;XDR;5,2915
20240508;XDR;5,3015
20240509;XDR;5,2815
20240510;XDR;5,2803
20240513;XDR;5,2662
20240514;XDR;5,2374
20240515;XDR;5,2171
20240516;XDR;5,2064
20240517;XDR;5,21
20240520;XDR;5,1974
20240521;XDR;5,1952
20240522;XDR;5,1927
20240523;XDR;5,2192
20240524;XDR;5,1988
20240527;XDR;5,1918
20240528;XDR;5,1997
20240529;XDR;5,1793
20240531;XDR;5,2192
20240603;XDR;5,2221
20240604;XDR;5,2389
20240605;XDR;5,2575
20240606;XDR;5,2417
20240607;XDR;5,2334
20240610;XDR;5,2583
20240611;XDR;5,33
20240612;XDR;5,331
20240613;XDR;5,3169
20240614;XDR;5,3416
20240617;XDR;5,377
